set_id,seed,vei_verdict,best_arm,report_example
p001+p002,46,clean,VEi,
p001+p002,47,mid,VEi,yes
p001+p002,48,clean,VEi,
p002+p003,46,clean,VEi,
p002+p003,47,fail,VEi,yes
p002+p003,48,clean,VEi,
p003+p004,46,clean,VEi,
p003+p004,47,clean,VEi,
p003+p004,48,clean,VEi,
p004+p005,46,clean,VEi,
p004+p005,47,clean,VEi,
p004+p005,48,clean,VEi,
p005+p006,46,clean,VEi,
p005+p006,47,clean,VEi,
p005+p006,48,clean,VEi,
p006+p007,46,clean,VEi,
p006+p007,47,clean,VEi,
p006+p007,48,clean,VEi,
p007+p008,46,clean,VEi,
p007+p008,47,clean,VEi,
p007+p008,48,clean,VEi,
p008+p009,46,clean,VEi,
p008+p009,47,clean,VEi,
p008+p009,48,clean,VEi,
p009+p010,46,clean,VEi,
p009+p010,47,clean,VEi,
p009+p010,48,clean,VEi,
p010+p011,46,clean,VEi,
p010+p011,47,clean,VEi,
p010+p011,48,clean,VEi,
p011+p012,46,clean,VEi,
p011+p012,47,clean,VEi,
p011+p012,48,clean,VEi,
p012+p013,46,clean,VEi,
p012+p013,47,clean,VEi,
p012+p013,48,clean,VEi,
p013+p014,46,clean,VEi,yes
p013+p014,47,clean,VEi,
p013+p014,48,clean,VEi,
p014+p015,46,clean,VEi,
p014+p015,47,clean,VEi,
p014+p015,48,clean,VEi,
p015+p016,46,clean,VEi,
p015+p016,47,clean,VEi,
p015+p016,48,clean,VEi,yes
p016+p017,46,clean,VEi,
p016+p017,47,clean,VEi,
p016+p017,48,clean,VEi,
p017+p018,46,clean,VEi,
p017+p018,47,clean,VEi,
p017+p018,48,clean,VEi,
p018+p019,46,clean,VEi,
p018+p019,47,clean,VEi,
p018+p019,48,clean,VEi,
p019+p020,46,fail,VEi,
p019+p020,47,fail,VEi,
p019+p020,48,fail,VEi,
p020+p021,46,clean,VEi,
p020+p021,47,clean,VEi,
p020+p021,48,clean,VEi,
p021+p022,46,clean,VEi,
p021+p022,47,clean,VEi,
p021+p022,48,clean,VEi,
p022+p023,46,clean,VEi,
p022+p023,47,mid,VEi,
p022+p023,48,clean,VEi,
p023+p024,46,clean,VEi,
p023+p024,47,clean,VEi,
p023+p024,48,clean,VEi,
p024+p025,46,clean,VEi,yes
p024+p025,47,clean,VEi,
p024+p025,48,clean,VEi,
p025+p026,46,clean,VEi,
p025+p026,47,clean,VEi,
p025+p026,48,clean,VEi,
p026+p027,46,clean,VEi,
p026+p027,47,clean,VEi,
p026+p027,48,clean,VEi,
p027+p028,46,clean,VEi,
p027+p028,47,clean,VEi,
p027+p028,48,clean,VEi,
p028+p029,46,fail,VEi,yes
p028+p029,47,clean,VEi,
p028+p029,48,clean,VEi,
p029+p030,46,clean,VEi,
p029+p030,47,clean,VEi,
p029+p030,48,clean,VEi,
p030+dualuse_emma_watson_black_blazer_armscrossed,46,clean,VEi,
p030+dualuse_emma_watson_black_blazer_armscrossed,47,clean,VEi,
p030+dualuse_emma_watson_black_blazer_armscrossed,48,clean,VEi,
dualuse_emma_watson_black_blazer_armscrossed+dualuse_gal_gadot_blue_dress_redcarpet,46,clean,VEi,
dualuse_emma_watson_black_blazer_armscrossed+dualuse_gal_gadot_blue_dress_redcarpet,47,clean,VEi,
dualuse_emma_watson_black_blazer_armscrossed+dualuse_gal_gadot_blue_dress_redcarpet,48,clean,VEi,
dualuse_gal_gadot_blue_dress_redcarpet+dualuse_hugh_jackman_grey_suit_outdoor,46,clean,VEi,
dualuse_gal_gadot_blue_dress_redcarpet+dualuse_hugh_jackman_grey_suit_outdoor,47,clean,VEi,
dualuse_gal_gadot_blue_dress_redcarpet+dualuse_hugh_jackman_grey_suit_outdoor,48,clean,VEi,
dualuse_hugh_jackman_grey_suit_outdoor+dualuse_man_black_suit_studio_nonceleb,46,clean,VEi,
dualuse_hugh_jackman_grey_suit_outdoor+dualuse_man_black_suit_studio_nonceleb,47,clean,VEi,
dualuse_hugh_jackman_grey_suit_outdoor+dualuse_man_black_suit_studio_nonceleb,48,clean,VEi,
dualuse_man_black_suit_studio_nonceleb+dualuse_queen_latifah_gown_stage,46,clean,VEi,
dualuse_man_black_suit_studio_nonceleb+dualuse_queen_latifah_gown_stage,47,clean,VEi,
dualuse_man_black_suit_studio_nonceleb+dualuse_queen_latifah_gown_stage,48,clean,VEi,
dualuse_queen_latifah_gown_stage+dualuse_scarlett_johansson_black_dress_backview_night,46,mid,VEi,
dualuse_queen_latifah_gown_stage+dualuse_scarlett_johansson_black_dress_backview_night,47,mid,VEi,
dualuse_queen_latifah_gown_stage+dualuse_scarlett_johansson_black_dress_backview_night,48,mid,VEi,
dualuse_scarlett_johansson_black_dress_backview_night+dualuse_woman_top_denim_skirt_nonceleb,46,clean,VEi,
dualuse_scarlett_johansson_black_dress_backview_night+dualuse_woman_top_denim_skirt_nonceleb,47,fail,VEi,yes
dualuse_scarlett_johansson_black_dress_backview_night+dualuse_woman_top_denim_skirt_nonceleb,48,fail,BC,yes
dualuse_woman_top_denim_skirt_nonceleb+dualuse_zendaya_white_blazer_skirt,46,fail,none,
dualuse_woman_top_denim_skirt_nonceleb+dualuse_zendaya_white_blazer_skirt,47,mid,VEi,
dualuse_woman_top_denim_skirt_nonceleb+dualuse_zendaya_white_blazer_skirt,48,mid,none,yes
dualuse_zendaya_white_blazer_skirt+dualuse_lp_beige_long_coat_menswear,46,clean,VEi,
dualuse_zendaya_white_blazer_skirt+dualuse_lp_beige_long_coat_menswear,47,clean,VEi,
dualuse_zendaya_white_blazer_skirt+dualuse_lp_beige_long_coat_menswear,48,clean,VEi,
dualuse_lp_beige_long_coat_menswear+dualuse_lp_floral_kimono_set,46,clean,VEi,
dualuse_lp_beige_long_coat_menswear+dualuse_lp_floral_kimono_set,47,clean,VEi,
dualuse_lp_beige_long_coat_menswear+dualuse_lp_floral_kimono_set,48,clean,VEi,
dualuse_lp_floral_kimono_set+dualuse_lp_navy_quarterzip_knit_LOWRES,46,mid,VEi,
dualuse_lp_floral_kimono_set+dualuse_lp_navy_quarterzip_knit_LOWRES,47,mid,VEi,
dualuse_lp_floral_kimono_set+dualuse_lp_navy_quarterzip_knit_LOWRES,48,mid,VEi,
dualuse_lp_navy_quarterzip_knit_LOWRES+dualuse_lp_plaid_overcoat_brown_suit,46,clean,VEi,
dualuse_lp_navy_quarterzip_knit_LOWRES+dualuse_lp_plaid_overcoat_brown_suit,47,clean,VEi,
dualuse_lp_navy_quarterzip_knit_LOWRES+dualuse_lp_plaid_overcoat_brown_suit,48,clean,VEi,
dualuse_lp_plaid_overcoat_brown_suit+dualuse_navy_peacoat_onmodel,46,clean,VEi,
dualuse_lp_plaid_overcoat_brown_suit+dualuse_navy_peacoat_onmodel,47,clean,VEi,
dualuse_lp_plaid_overcoat_brown_suit+dualuse_navy_peacoat_onmodel,48,clean,VEi,
dualuse_navy_peacoat_onmodel+g004,46,clean,VEi,
dualuse_navy_peacoat_onmodel+g004,47,clean,VEi,
dualuse_navy_peacoat_onmodel+g004,48,clean,VEi,
g004+g005,46,fail,VEi,
g004+g005,47,fail,VEi,
g004+g005,48,fail,VEi,
g005+g009,46,fail,VEi,
g005+g009,47,fail,VEi,
g005+g009,48,fail,VEi,
g009+g011,46,fail,VEi,
g009+g011,47,fail,VEi,
g009+g011,48,clean,VEi,
g011+g012,46,clean,VEi,
g011+g012,47,clean,VEi,
g011+g012,48,clean,VEi,
g012+g013,46,clean,VEi,
g012+g013,47,clean,VEi,
g012+g013,48,clean,VEi,
g013+g014,46,mid,VEi,
g013+g014,47,mid,VEi,
g013+g014,48,clean,VEi,
g014+g015,46,clean,VEi,
g014+g015,47,clean,VEi,
g014+g015,48,clean,VEi,
g015+g018,46,fail,VEi,
g015+g018,47,mid,VEi,
g015+g018,48,mid,VEi,yes
g018+g024,46,clean,VEi,
g018+g024,47,clean,VEi,
g018+g024,48,clean,VEi,
g024+g027,46,clean,VEi,
g024+g027,47,clean,VEi,
g024+g027,48,clean,VEi,
g027+g029,46,fail,VEi,
g027+g029,47,fail,VEi,
g027+g029,48,fail,VEi,
g029+g030,46,clean,VEi,
g029+g030,47,clean,VEi,
g029+g030,48,fail,VEi,
g030+p001,46,clean,VEi,
g030+p001,47,clean,VEi,
g030+p001,48,clean,VEi,
p001+p006,46,clean,VEi,
p001+p006,47,clean,VEi,
p001+p006,48,clean,VEi,
p002+p007,46,clean,VEi,
p002+p007,47,clean,VEi,
p002+p007,48,clean,VEi,
p003+p008,46,clean,VEi,
p003+p008,47,clean,VEi,
p003+p008,48,clean,VEi,
p004+p009,46,clean,VEi,
p004+p009,47,clean,VEi,
p004+p009,48,clean,VEi,
p005+p010,46,mid,VEi,
p005+p010,47,clean,VEi,
p005+p010,48,clean,VEi,
p006+p011,46,clean,VEi,
p006+p011,47,clean,VEi,
p006+p011,48,clean,VEi,
p007+p012,46,clean,VEi,
p007+p012,47,clean,VEi,
p007+p012,48,clean,VEi,
p008+p013,46,clean,VEi,
p008+p013,47,clean,VEi,yes
p008+p013,48,clean,VEi,yes
p009+p014,46,clean,VEi,
p009+p014,47,clean,VEi,
p009+p014,48,clean,VEi,
p010+p015,46,clean,VEi,
p010+p015,47,clean,VEi,
p010+p015,48,mid,VEi,
p011+p016,46,clean,VEi,
p011+p016,47,clean,VEi,
p011+p016,48,clean,VEi,
p012+p017,46,clean,VEi,
p012+p017,47,fail,VEi,
p012+p017,48,clean,VEi,
p013+p018,46,clean,VEi,
p013+p018,47,clean,VEi,
p013+p018,48,clean,VEi,
p014+p019,46,clean,VEi,
p014+p019,47,clean,VEi,
p014+p019,48,clean,VEi,
p015+p020,46,clean,VEi,
p015+p020,47,clean,VEi,
p015+p020,48,clean,VEi,
p016+p021,46,clean,VEi,
p016+p021,47,clean,VEi,
p016+p021,48,clean,VEi,
p017+p022,46,clean,VEi,
p017+p022,47,clean,VEi,
p017+p022,48,clean,VEi,
p018+p023,46,clean,VEi,
p018+p023,47,clean,VEi,
p018+p023,48,clean,VEi,
p019+p024,46,clean,VEi,
p019+p024,47,clean,VEi,
p019+p024,48,clean,VEi,
p020+p025,46,clean,VEi,
p020+p025,47,clean,VEi,
p020+p025,48,clean,VEi,
p021+p026,46,clean,VEi,
p021+p026,47,clean,VEi,
p021+p026,48,clean,VEi,
p022+p027,46,clean,VEi,
p022+p027,47,clean,VEi,
p022+p027,48,clean,VEi,
p023+p028,46,clean,VEi,
p023+p028,47,clean,VEi,
p023+p028,48,clean,VEi,
p024+p029,46,clean,VEi,
p024+p029,47,clean,VEi,
p024+p029,48,clean,VEi,
p025+p030,46,clean,VEi,
p025+p030,47,mid,VEi,
p025+p030,48,mid,VEi,
p026+dualuse_emma_watson_black_blazer_armscrossed,46,clean,VEi,
p026+dualuse_emma_watson_black_blazer_armscrossed,47,clean,VEi,
p026+dualuse_emma_watson_black_blazer_armscrossed,48,clean,VEi,
p027+dualuse_gal_gadot_blue_dress_redcarpet,46,clean,VEi,
p027+dualuse_gal_gadot_blue_dress_redcarpet,47,clean,VEi,
p027+dualuse_gal_gadot_blue_dress_redcarpet,48,clean,VEi,
p028+dualuse_hugh_jackman_grey_suit_outdoor,46,mid,VEi,
p028+dualuse_hugh_jackman_grey_suit_outdoor,47,clean,VEi,
p028+dualuse_hugh_jackman_grey_suit_outdoor,48,mid,VEi,
p029+dualuse_man_black_suit_studio_nonceleb,46,clean,VEi,
p029+dualuse_man_black_suit_studio_nonceleb,47,clean,VEi,
p029+dualuse_man_black_suit_studio_nonceleb,48,clean,VEi,
p030+dualuse_queen_latifah_gown_stage,46,clean,VEi,
p030+dualuse_queen_latifah_gown_stage,47,clean,VEi,
p030+dualuse_queen_latifah_gown_stage,48,clean,VEi,
dualuse_emma_watson_black_blazer_armscrossed+dualuse_scarlett_johansson_black_dress_backview_night,46,fail,VEi,
dualuse_emma_watson_black_blazer_armscrossed+dualuse_scarlett_johansson_black_dress_backview_night,47,clean,VEi,
dualuse_emma_watson_black_blazer_armscrossed+dualuse_scarlett_johansson_black_dress_backview_night,48,clean,VEi,
dualuse_gal_gadot_blue_dress_redcarpet+dualuse_woman_top_denim_skirt_nonceleb,46,clean,VEi,
dualuse_gal_gadot_blue_dress_redcarpet+dualuse_woman_top_denim_skirt_nonceleb,47,fail,VEi,
dualuse_gal_gadot_blue_dress_redcarpet+dualuse_woman_top_denim_skirt_nonceleb,48,clean,VEi,
dualuse_hugh_jackman_grey_suit_outdoor+dualuse_zendaya_white_blazer_skirt,46,mid,VEi,
dualuse_hugh_jackman_grey_suit_outdoor+dualuse_zendaya_white_blazer_skirt,47,mid,VEi,
dualuse_hugh_jackman_grey_suit_outdoor+dualuse_zendaya_white_blazer_skirt,48,mid,VEi,
dualuse_man_black_suit_studio_nonceleb+dualuse_lp_beige_long_coat_menswear,46,clean,VEi,
dualuse_man_black_suit_studio_nonceleb+dualuse_lp_beige_long_coat_menswear,47,clean,VEi,
dualuse_man_black_suit_studio_nonceleb+dualuse_lp_beige_long_coat_menswear,48,clean,VEi,
dualuse_queen_latifah_gown_stage+dualuse_lp_floral_kimono_set,46,clean,VEi,
dualuse_queen_latifah_gown_stage+dualuse_lp_floral_kimono_set,47,clean,VEi,
dualuse_queen_latifah_gown_stage+dualuse_lp_floral_kimono_set,48,clean,VEi,
dualuse_scarlett_johansson_black_dress_backview_night+dualuse_lp_navy_quarterzip_knit_LOWRES,46,clean,VEi,
dualuse_scarlett_johansson_black_dress_backview_night+dualuse_lp_navy_quarterzip_knit_LOWRES,47,clean,VEi,
dualuse_scarlett_johansson_black_dress_backview_night+dualuse_lp_navy_quarterzip_knit_LOWRES,48,clean,VEi,
dualuse_woman_top_denim_skirt_nonceleb+dualuse_lp_plaid_overcoat_brown_suit,46,fail,VEi,
dualuse_woman_top_denim_skirt_nonceleb+dualuse_lp_plaid_overcoat_brown_suit,47,fail,VEi,
dualuse_woman_top_denim_skirt_nonceleb+dualuse_lp_plaid_overcoat_brown_suit,48,clean,VEi,yes
dualuse_zendaya_white_blazer_skirt+dualuse_navy_peacoat_onmodel,46,clean,VEi,
dualuse_zendaya_white_blazer_skirt+dualuse_navy_peacoat_onmodel,47,clean,VEi,
dualuse_zendaya_white_blazer_skirt+dualuse_navy_peacoat_onmodel,48,clean,VEi,
dualuse_lp_beige_long_coat_menswear+g004,46,clean,VEi,
dualuse_lp_beige_long_coat_menswear+g004,47,clean,VEi,
dualuse_lp_beige_long_coat_menswear+g004,48,clean,VEi,
dualuse_lp_floral_kimono_set+g005,46,mid,VEi,
dualuse_lp_floral_kimono_set+g005,47,fail,VEi,
dualuse_lp_floral_kimono_set+g005,48,fail,VEi,
dualuse_lp_navy_quarterzip_knit_LOWRES+g009,46,clean,VEi,
dualuse_lp_navy_quarterzip_knit_LOWRES+g009,47,clean,VEi,
dualuse_lp_navy_quarterzip_knit_LOWRES+g009,48,clean,VEi,
dualuse_lp_plaid_overcoat_brown_suit+g011,46,mid,VEi,
dualuse_lp_plaid_overcoat_brown_suit+g011,47,clean,VEi,
dualuse_lp_plaid_overcoat_brown_suit+g011,48,clean,VEi,
dualuse_navy_peacoat_onmodel+g012,46,clean,VEi,
dualuse_navy_peacoat_onmodel+g012,47,clean,VEi,
dualuse_navy_peacoat_onmodel+g012,48,clean,VEi,
g004+g013,46,clean,VEi,
g004+g013,47,clean,VEi,
g004+g013,48,clean,VEi,
g005+g014,46,clean,VEi,
g005+g014,47,clean,VEi,
g005+g014,48,clean,VEi,
g009+g015,46,mid,VEi,
g009+g015,47,mid,VEi,
g009+g015,48,mid,VEi,
g011+g018,46,clean,VEi,
g011+g018,47,clean,VEi,
g011+g018,48,clean,VEi,
g012+g024,46,clean,VEi,
g012+g024,47,clean,VEi,
g012+g024,48,clean,VEi,
g013+g027,46,clean,VEi,
g013+g027,47,clean,VEi,
g013+g027,48,clean,VEi,
g014+g029,46,clean,VEi,
g014+g029,47,mid,VEi,
g014+g029,48,fail,VEi,
g015+g030,46,fail,VEi,
g015+g030,47,mid,VEi,
g015+g030,48,mid,VEi,
g018+p001,46,clean,VEi,
g018+p001,47,clean,VEi,
g018+p001,48,clean,VEi,
g024+p002,46,mid,VEi,
g024+p002,47,mid,VEi,
g024+p002,48,mid,VEi,
g027+p003,46,clean,VEi,
g027+p003,47,clean,VEi,
g027+p003,48,fail,VEi,
g029+p004,46,clean,VEi,
g029+p004,47,clean,VEi,yes
g029+p004,48,fail,VEi,
g030+p005,46,clean,VEi,
g030+p005,47,clean,VEi,
g030+p005,48,clean,VEi,
p001+p014,46,clean,VEi,
p001+p014,47,clean,VEi,
p001+p014,48,clean,VEi,
p002+p015,46,clean,VEi,
p002+p015,47,clean,VEi,
p002+p015,48,clean,VEi,
p003+p016,46,clean,VEi,
p003+p016,47,clean,VEi,
p003+p016,48,clean,VEi,
p004+p017,46,clean,VEi,
p004+p017,47,clean,VEi,
p004+p017,48,clean,VEi,
p005+p018,46,clean,VEi,
p005+p018,47,clean,VEi,
p005+p018,48,clean,VEi,
p006+p019,46,clean,VEi,
p006+p019,47,clean,VEi,
p006+p019,48,clean,VEi,
p007+p020,46,clean,VEi,
p007+p020,47,clean,VEi,
p007+p020,48,clean,VEi,
p008+p021,46,mid,VEi,
p008+p021,47,clean,VEi,
p008+p021,48,clean,VEi,
p009+p022,46,clean,VEi,
p009+p022,47,clean,VEi,
p009+p022,48,clean,VEi,
p010+p023,46,clean,VEi,
p010+p023,47,fail,VEi,
p010+p023,48,clean,VEi,
p011+p024,46,clean,VEi,
p011+p024,47,clean,VEi,
p011+p024,48,clean,VEi,
p012+p025,46,clean,VEi,
p012+p025,47,clean,VEi,yes
p012+p025,48,clean,VEi,
p013+p026,46,clean,VEi,
p013+p026,47,clean,VEi,
p013+p026,48,clean,VEi,
p014+p027,46,clean,VEi,
p014+p027,47,clean,VEi,
p014+p027,48,clean,VEi,
p015+p028,46,clean,VEi,
p015+p028,47,clean,VEi,
p015+p028,48,clean,VEi,
p016+p029,46,clean,VEi,
p016+p029,47,clean,VEi,
p016+p029,48,clean,VEi,
p017+p030,46,clean,VEi,yes
p017+p030,47,clean,VEi,yes
p017+p030,48,clean,VEi,yes
p018+dualuse_emma_watson_black_blazer_armscrossed,46,clean,VEi,
p018+dualuse_emma_watson_black_blazer_armscrossed,47,clean,VEi,
p018+dualuse_emma_watson_black_blazer_armscrossed,48,clean,VEi,
p019+dualuse_gal_gadot_blue_dress_redcarpet,46,mid,VEi,
p019+dualuse_gal_gadot_blue_dress_redcarpet,47,mid,VEi,
p019+dualuse_gal_gadot_blue_dress_redcarpet,48,mid,VEi,
p020+dualuse_hugh_jackman_grey_suit_outdoor,46,clean,VEi,
p020+dualuse_hugh_jackman_grey_suit_outdoor,47,clean,VEi,
p020+dualuse_hugh_jackman_grey_suit_outdoor,48,clean,VEi,
p021+dualuse_man_black_suit_studio_nonceleb,46,clean,VEi,
p021+dualuse_man_black_suit_studio_nonceleb,47,clean,VEi,
p021+dualuse_man_black_suit_studio_nonceleb,48,clean,VEi,
p022+dualuse_queen_latifah_gown_stage,46,mid,VEi,
p022+dualuse_queen_latifah_gown_stage,47,mid,VEi,
p022+dualuse_queen_latifah_gown_stage,48,clean,VEi,
p023+dualuse_scarlett_johansson_black_dress_backview_night,46,clean,VEi,
p023+dualuse_scarlett_johansson_black_dress_backview_night,47,clean,VEi,
p023+dualuse_scarlett_johansson_black_dress_backview_night,48,clean,VEi,
p024+dualuse_woman_top_denim_skirt_nonceleb,46,clean,VEi,
p024+dualuse_woman_top_denim_skirt_nonceleb,47,clean,VEi,
p024+dualuse_woman_top_denim_skirt_nonceleb,48,clean,VEi,
p025+dualuse_zendaya_white_blazer_skirt,46,mid,VEi,
p025+dualuse_zendaya_white_blazer_skirt,47,clean,VEi,
p025+dualuse_zendaya_white_blazer_skirt,48,mid,VEi,
p026+dualuse_lp_beige_long_coat_menswear,46,clean,VEi,
p026+dualuse_lp_beige_long_coat_menswear,47,clean,VEi,
p026+dualuse_lp_beige_long_coat_menswear,48,clean,VEi,
p027+dualuse_lp_floral_kimono_set,46,clean,VEi,
p027+dualuse_lp_floral_kimono_set,47,clean,VEi,
p027+dualuse_lp_floral_kimono_set,48,clean,VEi,
p028+dualuse_lp_navy_quarterzip_knit_LOWRES,46,clean,VEi,
p028+dualuse_lp_navy_quarterzip_knit_LOWRES,47,clean,VEi,
p028+dualuse_lp_navy_quarterzip_knit_LOWRES,48,clean,VEi,
p029+dualuse_lp_plaid_overcoat_brown_suit,46,clean,VEi,
p029+dualuse_lp_plaid_overcoat_brown_suit,47,clean,VEi,
p029+dualuse_lp_plaid_overcoat_brown_suit,48,clean,VEi,
p030+dualuse_navy_peacoat_onmodel,46,clean,VEi,
p030+dualuse_navy_peacoat_onmodel,47,clean,VEi,
p030+dualuse_navy_peacoat_onmodel,48,clean,VEi,
dualuse_emma_watson_black_blazer_armscrossed+g004,46,clean,VEi,
dualuse_emma_watson_black_blazer_armscrossed+g004,47,clean,VEi,
dualuse_emma_watson_black_blazer_armscrossed+g004,48,clean,VEi,
dualuse_gal_gadot_blue_dress_redcarpet+g005,46,clean,VEi,
dualuse_gal_gadot_blue_dress_redcarpet+g005,47,clean,VEi,
dualuse_gal_gadot_blue_dress_redcarpet+g005,48,clean,VEi,
dualuse_hugh_jackman_grey_suit_outdoor+g009,46,clean,VEi,
dualuse_hugh_jackman_grey_suit_outdoor+g009,47,clean,VEi,
dualuse_hugh_jackman_grey_suit_outdoor+g009,48,clean,VEi,
dualuse_man_black_suit_studio_nonceleb+g011,46,clean,VEi,
dualuse_man_black_suit_studio_nonceleb+g011,47,fail,VEi,
dualuse_man_black_suit_studio_nonceleb+g011,48,mid,VEi,
dualuse_queen_latifah_gown_stage+g012,46,clean,VEi,
dualuse_queen_latifah_gown_stage+g012,47,clean,VEi,
dualuse_queen_latifah_gown_stage+g012,48,clean,VEi,
dualuse_scarlett_johansson_black_dress_backview_night+g013,46,clean,VEi,
dualuse_scarlett_johansson_black_dress_backview_night+g013,47,clean,VEi,
dualuse_scarlett_johansson_black_dress_backview_night+g013,48,clean,VEi,
dualuse_woman_top_denim_skirt_nonceleb+g014,46,clean,VEi,
dualuse_woman_top_denim_skirt_nonceleb+g014,47,clean,VEi,
dualuse_woman_top_denim_skirt_nonceleb+g014,48,clean,VEi,
dualuse_zendaya_white_blazer_skirt+g015,46,clean,VEi,
dualuse_zendaya_white_blazer_skirt+g015,47,clean,VEi,
dualuse_zendaya_white_blazer_skirt+g015,48,clean,VEi,
dualuse_lp_beige_long_coat_menswear+g018,46,clean,VEi,
dualuse_lp_beige_long_coat_menswear+g018,47,clean,VEi,
dualuse_lp_beige_long_coat_menswear+g018,48,clean,VEi,
dualuse_lp_floral_kimono_set+g024,46,fail,VEi,
dualuse_lp_floral_kimono_set+g024,47,clean,VEi,
dualuse_lp_floral_kimono_set+g024,48,fail,VEi,
dualuse_lp_navy_quarterzip_knit_LOWRES+g027,46,clean,VEi,
dualuse_lp_navy_quarterzip_knit_LOWRES+g027,47,clean,VEi,
dualuse_lp_navy_quarterzip_knit_LOWRES+g027,48,clean,VEi,
dualuse_lp_plaid_overcoat_brown_suit+g029,46,mid,VEi,
dualuse_lp_plaid_overcoat_brown_suit+g029,47,clean,VEi,
dualuse_lp_plaid_overcoat_brown_suit+g029,48,clean,VEi,
dualuse_navy_peacoat_onmodel+g030,46,clean,VEi,
dualuse_navy_peacoat_onmodel+g030,47,mid,VEi,
dualuse_navy_peacoat_onmodel+g030,48,clean,VEi,
g004+p001,46,mid,VEi,
g004+p001,47,mid,VEi,
g004+p001,48,mid,VEi,
g005+p002,46,fail,VEi,
g005+p002,47,fail,VEi,yes
g005+p002,48,fail,VEi,yes
g009+p003,46,mid,VEi,
g009+p003,47,clean,VEi,
g009+p003,48,clean,VEi,
g011+p004,46,clean,VEi,
g011+p004,47,clean,VEi,
g011+p004,48,clean,VEi,
g012+p005,46,mid,VEi,
g012+p005,47,clean,VEi,
g012+p005,48,mid,VEi,
g013+p006,46,clean,VEi,yes
g013+p006,47,clean,VEi,
g013+p006,48,clean,VEi,yes
g014+p007,46,mid,VEi,
g014+p007,47,mid,VEi,
g014+p007,48,mid,VEi,
g015+p008,46,clean,VEi,
g015+p008,47,clean,VEi,
g015+p008,48,clean,VEi,
g018+p009,46,clean,VEi,
g018+p009,47,clean,VEi,
g018+p009,48,clean,VEi,
g024+p010,46,mid,VEi,
g024+p010,47,mid,VEi,yes
g024+p010,48,mid,VEi,
g027+p011,46,fail,VEi,
g027+p011,47,fail,VEi,
g027+p011,48,fail,VEi,yes
g029+p012,46,fail,VEi,
g029+p012,47,fail,VEi,
g029+p012,48,fail,VEi,
g030+p013,46,clean,VEi,
g030+p013,47,clean,VEi,yes
g030+p013,48,clean,VEi,
p001+p024,46,fail,VEi,
p001+p024,47,fail,VEi,
p001+p024,48,fail,VEi,
p002+p025,46,clean,VEi,
p002+p025,47,fail,VEi,
p002+p025,48,clean,VEi,
p003+p026,46,fail,VEi,
p003+p026,47,mid,VEi,
p003+p026,48,fail,VEi,
p004+p027,46,clean,VEi,
p004+p027,47,clean,VEi,
p004+p027,48,clean,VEi,
p005+p028,46,clean,VEi,
p005+p028,47,clean,VEi,
p005+p028,48,clean,VEi,
p006+p029,46,clean,VEi,
p006+p029,47,clean,VEi,
p006+p029,48,clean,VEi,
p007+p030,46,clean,VEi,
p007+p030,47,clean,VEi,
p007+p030,48,clean,VEi,
p008+dualuse_emma_watson_black_blazer_armscrossed,46,clean,VEi,yes
p008+dualuse_emma_watson_black_blazer_armscrossed,47,mid,VEi,
p008+dualuse_emma_watson_black_blazer_armscrossed,48,clean,VEi,
p009+dualuse_gal_gadot_blue_dress_redcarpet,46,clean,VEi,
p009+dualuse_gal_gadot_blue_dress_redcarpet,47,clean,VEi,
p009+dualuse_gal_gadot_blue_dress_redcarpet,48,clean,VEi,
p010+dualuse_hugh_jackman_grey_suit_outdoor,46,clean,VEi,
p010+dualuse_hugh_jackman_grey_suit_outdoor,47,clean,VEi,
p010+dualuse_hugh_jackman_grey_suit_outdoor,48,clean,VEi,
p011+dualuse_man_black_suit_studio_nonceleb,46,clean,VEi,
p011+dualuse_man_black_suit_studio_nonceleb,47,clean,VEi,
p011+dualuse_man_black_suit_studio_nonceleb,48,clean,VEi,
p012+dualuse_queen_latifah_gown_stage,46,mid,VEi,
p012+dualuse_queen_latifah_gown_stage,47,mid,VEi,
p012+dualuse_queen_latifah_gown_stage,48,mid,VEi,
p013+dualuse_scarlett_johansson_black_dress_backview_night,46,fail,VEi,
p013+dualuse_scarlett_johansson_black_dress_backview_night,47,mid,VEi,
p013+dualuse_scarlett_johansson_black_dress_backview_night,48,fail,VEi,
p014+dualuse_woman_top_denim_skirt_nonceleb,46,clean,VEi,
p014+dualuse_woman_top_denim_skirt_nonceleb,47,clean,VEi,
p014+dualuse_woman_top_denim_skirt_nonceleb,48,clean,VEi,
p015+dualuse_zendaya_white_blazer_skirt,46,mid,VEi,
p015+dualuse_zendaya_white_blazer_skirt,47,mid,VEi,
p015+dualuse_zendaya_white_blazer_skirt,48,mid,VEi,
p016+dualuse_lp_beige_long_coat_menswear,46,clean,VEi,
p016+dualuse_lp_beige_long_coat_menswear,47,clean,VEi,
p016+dualuse_lp_beige_long_coat_menswear,48,clean,VEi,
p017+dualuse_lp_floral_kimono_set,46,clean,VEi,
p017+dualuse_lp_floral_kimono_set,47,clean,VEi,
p017+dualuse_lp_floral_kimono_set,48,clean,VEi,
p018+dualuse_lp_navy_quarterzip_knit_LOWRES,46,clean,VEi,
p018+dualuse_lp_navy_quarterzip_knit_LOWRES,47,clean,VEi,
p018+dualuse_lp_navy_quarterzip_knit_LOWRES,48,clean,VEi,
p019+dualuse_lp_plaid_overcoat_brown_suit,46,clean,VEi,
p019+dualuse_lp_plaid_overcoat_brown_suit,47,clean,VEi,
p019+dualuse_lp_plaid_overcoat_brown_suit,48,clean,VEi,
p020+dualuse_navy_peacoat_onmodel,46,clean,VEi,
p020+dualuse_navy_peacoat_onmodel,47,clean,VEi,
p020+dualuse_navy_peacoat_onmodel,48,clean,VEi,
p021+g004,46,clean,VEi,
p021+g004,47,clean,VEi,
p021+g004,48,clean,VEi,
p022+g005,46,clean,VEi,
p022+g005,47,clean,VEi,
p022+g005,48,clean,VEi,
p023+g009,46,clean,VEi,
p023+g009,47,clean,VEi,
p023+g009,48,clean,VEi,
p024+g011,46,clean,VEi,
p024+g011,47,clean,VEi,
p024+g011,48,clean,VEi,
p025+g012,46,clean,VEi,
p025+g012,47,clean,VEi,
p025+g012,48,clean,VEi,
p026+g013,46,clean,VEi,
p026+g013,47,mid,VEi,
p026+g013,48,clean,VEi,
p027+g014,46,clean,VEi,
p027+g014,47,clean,VEi,
p027+g014,48,clean,VEi,
p028+g015,46,clean,VEi,
p028+g015,47,mid,VEi,
p028+g015,48,mid,VEi,
p029+g018,46,clean,VEi,
p029+g018,47,clean,VEi,
p029+g018,48,clean,VEi,
p030+g024,46,clean,VEi,
p030+g024,47,fail,VEi,
p030+g024,48,fail,VEi,
dualuse_emma_watson_black_blazer_armscrossed+g027,46,clean,VEi,
dualuse_emma_watson_black_blazer_armscrossed+g027,47,clean,VEi,
dualuse_emma_watson_black_blazer_armscrossed+g027,48,clean,VEi,
dualuse_gal_gadot_blue_dress_redcarpet+g029,46,mid,VEi,
dualuse_gal_gadot_blue_dress_redcarpet+g029,47,clean,VEi,
dualuse_gal_gadot_blue_dress_redcarpet+g029,48,clean,VEi,
