"set_id","condition","person","garment","arm","order_position","generations_cumulative","my_verdict","ships","gate_score","gate_weakest","chk_degenerate","chk_noop","chk_people","chk_identity","chk_background","amt_tier","phead_verdict"
"ts2_11","low","dualuse_emma_watson_black_blazer_armscrossed","dualuse_man_black_suit_studio_nonceleb","PHEAD","1","1","usable","1","0.6010","noop","1","0.601","1","1","0.718","perfect","perfect"
"ts2_11","low","dualuse_emma_watson_black_blazer_armscrossed","dualuse_man_black_suit_studio_nonceleb","BC_klein","2","3","usable","0","0.6350","noop","1","0.635","1","1","0.721","perfect","perfect"
"ts2_11","low","dualuse_emma_watson_black_blazer_armscrossed","dualuse_man_black_suit_studio_nonceleb","QX_qwen_p1","3","5","usable","0","0.5850","noop","1","0.585","1","1","0.749","perfect","perfect"
"ts2_12","low","dualuse_man_black_suit_studio_nonceleb","dualuse_hugh_jackman_grey_suit_outdoor","PHEAD","1","1","usable","1","0.5080","noop","1","0.508","1","1","1","perfect","perfect"
"ts2_12","low","dualuse_man_black_suit_studio_nonceleb","dualuse_hugh_jackman_grey_suit_outdoor","BC_klein","2","3","usable","0","0.5290","noop","1","0.529","1","1","1","perfect","perfect"
"ts2_12","low","dualuse_man_black_suit_studio_nonceleb","dualuse_hugh_jackman_grey_suit_outdoor","QX_qwen_p1","3","5","usable","0","0.4710","noop","1","0.471","1","1","1","perfect","perfect"
"p015+p007","low","p015","p007","PHEAD","1","1","usable","1","0.0000","background","0.418","1","1","1","0","perfect","perfect"
"p015+p007","low","p015","p007","BC_klein","2","3","unusable","0","0.0000","background","0.277","1","1","1","0","ok","perfect"
"p015+p007","low","p015","p007","QX_qwen_p1","3","5","usable","0","0.0000","background","0.309","1","1","1","0","perfect","perfect"
"dualuse_man_black_suit_studio_nonceleb+dualuse_woman_top_denim_skirt_nonceleb","low","dualuse_man_black_suit_studio_nonceleb","dualuse_woman_top_denim_skirt_nonceleb","PHEAD","1","1","unusable","0","0.9410","noop","1","0.941","1","1","1","fail","fail"
"dualuse_man_black_suit_studio_nonceleb+dualuse_woman_top_denim_skirt_nonceleb","low","dualuse_man_black_suit_studio_nonceleb","dualuse_woman_top_denim_skirt_nonceleb","BC_klein","2","3","usable","1","0.9140","noop","1","0.914","1","1","1","perfect","fail"
"dualuse_man_black_suit_studio_nonceleb+dualuse_woman_top_denim_skirt_nonceleb","low","dualuse_man_black_suit_studio_nonceleb","dualuse_woman_top_denim_skirt_nonceleb","QX_qwen_p1","3","5","unusable","0","0.6950","noop","0.947","0.695","1","1","1","ok","fail"
"p011+p003","low","p011","p003","PHEAD","1","1","usable","1","1.0000","degenerate","1","1","1","1","0.913","perfect","perfect"
"p011+p003","low","p011","p003","BC_klein","2","3","usable","0","1.0000","degenerate","1","1","1","1","0.938","perfect","perfect"
"p011+p003","low","p011","p003","QX_qwen_p1","3","5","unusable","0","0.8280","degenerate","0.828","1","1","1","0.969","ok","perfect"
"p015+p002","low","p015","p002","PHEAD","1","1","usable","1","0.3450","degenerate","0.345","1","1","1","0.411","perfect","perfect"
"p015+p002","low","p015","p002","BC_klein","2","3","usable","0","0.3440","degenerate","0.344","1","1","1","0.399","perfect","perfect"
"p015+p002","low","p015","p002","QX_qwen_p1","3","5","usable","0","0.2440","degenerate","0.244","1","1","1","0.413","perfect","perfect"
"dualuse_lp_beige_long_coat_menswear+dualuse_scarlett_johansson_black_dress_backview_night","low","dualuse_lp_beige_long_coat_menswear","dualuse_scarlett_johansson_black_dress_backview_night","PHEAD","1","1","unusable","0","1.0000","degenerate","1","1","1","1","1","ok","ok"
"dualuse_lp_beige_long_coat_menswear+dualuse_scarlett_johansson_black_dress_backview_night","low","dualuse_lp_beige_long_coat_menswear","dualuse_scarlett_johansson_black_dress_backview_night","BC_klein","2","3","unusable","0","1.0000","degenerate","1","1","1","1","1","ok","ok"
"dualuse_lp_beige_long_coat_menswear+dualuse_scarlett_johansson_black_dress_backview_night","low","dualuse_lp_beige_long_coat_menswear","dualuse_scarlett_johansson_black_dress_backview_night","QX_qwen_p1","3","5","usable","1","1.0000","degenerate","1","1","1","1","1","perfect","ok"
"dualuse_lp_floral_kimono_set+p008","low","dualuse_lp_floral_kimono_set","p008","PHEAD","1","1","usable","1","1.0000","degenerate","1","1","1","1","1","ok","ok"
"dualuse_lp_floral_kimono_set+p008","low","dualuse_lp_floral_kimono_set","p008","BC_klein","2","3","usable","0","1.0000","degenerate","1","1","1","1","1","perfect","ok"
"dualuse_lp_floral_kimono_set+p008","low","dualuse_lp_floral_kimono_set","p008","QX_qwen_p1","3","5","usable","0","1.0000","degenerate","1","1","1","1","1","perfect","ok"
"dualuse_man_black_suit_studio_nonceleb+dualuse_scarlett_johansson_black_dress_backview_night","low","dualuse_man_black_suit_studio_nonceleb","dualuse_scarlett_johansson_black_dress_backview_night","PHEAD","1","1","usable","1","0.6700","noop","1","0.67","1","1","1","perfect","perfect"
"dualuse_man_black_suit_studio_nonceleb+dualuse_scarlett_johansson_black_dress_backview_night","low","dualuse_man_black_suit_studio_nonceleb","dualuse_scarlett_johansson_black_dress_backview_night","BC_klein","2","3","usable","0","0.6260","noop","1","0.626","1","1","1","perfect","perfect"
"dualuse_man_black_suit_studio_nonceleb+dualuse_scarlett_johansson_black_dress_backview_night","low","dualuse_man_black_suit_studio_nonceleb","dualuse_scarlett_johansson_black_dress_backview_night","QX_qwen_p1","3","5","usable","0","0.5130","noop","1","0.513","1","1","1","ok","perfect"
"dualuse_hugh_jackman_grey_suit_outdoor+p007","low","dualuse_hugh_jackman_grey_suit_outdoor","p007","PHEAD","1","1","usable","1","1.0000","degenerate","1","1","1","1","1","perfect","perfect"
"dualuse_hugh_jackman_grey_suit_outdoor+p007","low","dualuse_hugh_jackman_grey_suit_outdoor","p007","BC_klein","2","3","usable","0","1.0000","degenerate","1","1","1","1","1","perfect","perfect"
"dualuse_hugh_jackman_grey_suit_outdoor+p007","low","dualuse_hugh_jackman_grey_suit_outdoor","p007","QX_qwen_p1","3","5","unusable","0","1.0000","degenerate","1","1","1","1","1","ok","perfect"
"dualuse_navy_peacoat_onmodel+p012","low","dualuse_navy_peacoat_onmodel","p012","PHEAD","1","1","unusable","0","0.7300","noop","0.802","0.73","1","1","1","ok","ok"
"dualuse_navy_peacoat_onmodel+p012","low","dualuse_navy_peacoat_onmodel","p012","BC_klein","2","3","unusable","0","0.7280","noop","0.822","0.728","1","1","1","ok","ok"
"dualuse_navy_peacoat_onmodel+p012","low","dualuse_navy_peacoat_onmodel","p012","QX_qwen_p1","3","5","usable","1","0.5860","noop","0.757","0.586","1","1","1","perfect","ok"
"p018+p016","low","p018","p016","PHEAD","1","1","unusable","0","0.6730","degenerate","0.673","1","1","1","1","fail","fail"
"p018+p016","low","p018","p016","BC_klein","2","3","unusable","0","0.4360","degenerate","0.436","1","1","1","1","ok","fail"
"p018+p016","low","p018","p016","QX_qwen_p1","3","5","usable","1","0.5400","degenerate","0.54","1","1","1","1","perfect","fail"
"p020+dualuse_hugh_jackman_grey_suit_outdoor","low","p020","dualuse_hugh_jackman_grey_suit_outdoor","PHEAD","1","1","usable","1","0.5000","people","1","0.942","0.45","1","0.931","perfect","perfect"
"p020+dualuse_hugh_jackman_grey_suit_outdoor","low","p020","dualuse_hugh_jackman_grey_suit_outdoor","BC_klein","2","3","usable","0","0.5000","people","1","0.961","0.45","1","0.901","perfect","perfect"
"p020+dualuse_hugh_jackman_grey_suit_outdoor","low","p020","dualuse_hugh_jackman_grey_suit_outdoor","QX_qwen_p1","3","5","unusable","0","0.5000","people","1","1","0.45","1","0.9","perfect","perfect"
"p017+p002","low","p017","p002","PHEAD","1","1","usable","1","0.5340","degenerate","0.534","1","1","1","1","perfect","perfect"
"p017+p002","low","p017","p002","BC_klein","2","3","usable","0","0.6020","degenerate","0.602","1","1","1","1","perfect","perfect"
"p017+p002","low","p017","p002","QX_qwen_p1","3","5","unusable","0","0.5600","degenerate","0.56","1","1","1","1","fail","perfect"
"p019+p010","low","p019","p010","PHEAD","1","1","usable","1","1.0000","degenerate","1","1","1","1","1","perfect","perfect"
"p019+p010","low","p019","p010","BC_klein","2","3","usable","0","0.9750","degenerate","0.975","1","1","1","1","perfect","perfect"
"p019+p010","low","p019","p010","QX_qwen_p1","3","5","usable","0","0.9970","noop","1","0.997","1","1","1","ok","perfect"
"dualuse_queen_latifah_gown_stage+p006","low","dualuse_queen_latifah_gown_stage","p006","PHEAD","1","1","usable","1","0.9490","background","1","1","1","1","0.664","perfect","perfect"
"dualuse_queen_latifah_gown_stage+p006","low","dualuse_queen_latifah_gown_stage","p006","BC_klein","2","3","usable","0","0.9660","background","1","1","1","1","0.676","perfect","perfect"
"dualuse_queen_latifah_gown_stage+p006","low","dualuse_queen_latifah_gown_stage","p006","QX_qwen_p1","3","5","unusable","0","0.8660","background","1","1","1","1","0.606","perfect","perfect"
"p009+p018","low","p009","p018","PHEAD","1","1","usable","1","0.9030","noop","1","0.903","1","1","0.99","perfect","perfect"
"p009+p018","low","p009","p018","BC_klein","2","3","usable","0","0.9280","noop","1","0.928","1","1","0.999","perfect","perfect"
"p009+p018","low","p009","p018","QX_qwen_p1","3","5","unusable","0","0.7370","degenerate","0.737","0.785","1","1","1","ok","perfect"
"p007+p030","low","p007","p030","PHEAD","1","1","usable","1","0.3310","degenerate","0.331","1","1","1","0.582","perfect","perfect"
"p007+p030","low","p007","p030","BC_klein","2","3","usable","0","0.3120","degenerate","0.312","1","1","1","0.577","perfect","perfect"
"p007+p030","low","p007","p030","QX_qwen_p1","3","5","usable","0","0.1930","degenerate","0.193","1","1","1","0.576","perfect","perfect"
"p026+p004","low","p026","p004","PHEAD","1","1","usable","1","0.6730","noop","1","0.673","1","1","1","perfect","perfect"
"p026+p004","low","p026","p004","BC_klein","2","3","usable","0","0.6760","noop","1","0.676","1","1","1","perfect","perfect"
"p026+p004","low","p026","p004","QX_qwen_p1","3","5","unusable","0","0.9210","noop","1","0.921","1","1","1","fail","perfect"
"p009+p014","low","p009","p014","PHEAD","1","1","usable","1","0.6000","degenerate","0.6","0.899","1","1","0.972","perfect","perfect"
"p009+p014","low","p009","p014","BC_klein","2","3","usable","0","0.6670","degenerate","0.667","0.85","1","1","0.973","perfect","perfect"
"p009+p014","low","p009","p014","QX_qwen_p1","3","5","unusable","0","0.3380","degenerate","0.338","1","1","1","1","fail","perfect"
"HD_p021","high","dualuse_emma_watson_black_blazer_armscrossed","p021","PHEAD","1","1","unusable","0","0.5090","background","1","1","1","1","0.356","fail","fail"
"HD_p021","high","dualuse_emma_watson_black_blazer_armscrossed","p021","BC_klein","2","3","usable","1","0.2730","background","1","1","1","1","0.191","perfect","fail"
"HD_p021","high","dualuse_emma_watson_black_blazer_armscrossed","p021","QX_qwen_p1","3","5","usable","0","0.4110","background","1","1","1","1","0.288","perfect","fail"
"HD_p023","high","dualuse_lp_floral_kimono_set","p023","PHEAD","1","1","unusable","0","0.4230","noop","1","0.423","1","1","1","fail","fail"
"HD_p023","high","dualuse_lp_floral_kimono_set","p023","BC_klein","2","3","unusable","0","0.1480","noop","1","0.148","1","1","1","fail","fail"
"HD_p023","high","dualuse_lp_floral_kimono_set","p023","QX_qwen_p1","3","5","usable","1","1.0000","degenerate","1","1","1","1","1","ok","fail"
"HD_dualuse_zendaya_white_blazer_skirt","high","dualuse_queen_latifah_gown_stage","dualuse_zendaya_white_blazer_skirt","PHEAD","1","1","usable","1","0.6290","background","1","1","1","1","0.44","perfect","perfect"
"HD_dualuse_zendaya_white_blazer_skirt","high","dualuse_queen_latifah_gown_stage","dualuse_zendaya_white_blazer_skirt","BC_klein","2","3","usable","0","0.5760","background","1","1","1","1","0.403","perfect","perfect"
"HD_dualuse_zendaya_white_blazer_skirt","high","dualuse_queen_latifah_gown_stage","dualuse_zendaya_white_blazer_skirt","QX_qwen_p1","3","5","usable","0","0.4950","degenerate","0.495","1","1","1","0.428","perfect","perfect"
"HD_p019","high","p011","p019","PHEAD","1","1","usable","1","1.0000","degenerate","1","1","1","1","1","perfect","perfect"
"HD_p019","high","p011","p019","BC_klein","2","3","usable","0","1.0000","degenerate","1","1","1","1","1","perfect","perfect"
"HD_p019","high","p011","p019","QX_qwen_p1","3","5","usable","0","1.0000","degenerate","1","1","1","1","1","perfect","perfect"
"HD_p028","high","p018","p028","PHEAD","1","1","usable","1","0.3020","degenerate","0.302","1","1","1","1","perfect","perfect"
"HD_p028","high","p018","p028","BC_klein","2","3","usable","0","0.2870","degenerate","0.287","1","1","1","1","perfect","perfect"
"HD_p028","high","p018","p028","QX_qwen_p1","3","5","usable","0","0.4620","degenerate","0.462","1","1","1","1","perfect","perfect"
"HD_p009","high","p026","p009","PHEAD","1","1","usable","1","0.6980","noop","1","0.698","1","1","1","perfect","perfect"
"HD_p009","high","p026","p009","BC_klein","2","3","usable","0","0.7460","noop","1","0.746","1","1","1","perfect","perfect"
"HD_p009","high","p026","p009","QX_qwen_p1","3","5","usable","0","0.7680","noop","1","0.768","1","1","1","ok","perfect"
"HD_p021+dualuse_hugh_jackman_grey_suit_outdoor","high","dualuse_hugh_jackman_grey_suit_outdoor","p021","PHEAD","1","1","unusable","0","1.0000","degenerate","1","1","1","1","1","fail","fail"
"HD_p021+dualuse_hugh_jackman_grey_suit_outdoor","high","dualuse_hugh_jackman_grey_suit_outdoor","p021","BC_klein","2","3","usable","1","1.0000","degenerate","1","1","1","1","1","perfect","fail"
"HD_p021+dualuse_hugh_jackman_grey_suit_outdoor","high","dualuse_hugh_jackman_grey_suit_outdoor","p021","QX_qwen_p1","3","5","usable","0","1.0000","degenerate","1","1","1","1","1","ok","fail"
"HD_p021+p009","high","p009","p021","PHEAD","1","1","unusable","0","1.0000","degenerate","1","1","1","1","0.91","fail","fail"
"HD_p021+p009","high","p009","p021","BC_klein","2","3","usable","1","1.0000","degenerate","1","1","1","1","1","ok","fail"
"HD_p021+p009","high","p009","p021","QX_qwen_p1","3","5","usable","0","1.0000","degenerate","1","1","1","1","1","ok","fail"
"HD_p023+dualuse_queen_latifah_gown_stage","high","dualuse_queen_latifah_gown_stage","p023","PHEAD","1","1","unusable","0","0.6670","background","1","1","1","1","0.467","ok","ok"
"HD_p023+dualuse_queen_latifah_gown_stage","high","dualuse_queen_latifah_gown_stage","p023","BC_klein","2","3","unusable","0","0.6890","background","1","1","1","1","0.482","ok","ok"
"HD_p023+dualuse_queen_latifah_gown_stage","high","dualuse_queen_latifah_gown_stage","p023","QX_qwen_p1","3","5","usable","1","0.4160","degenerate","0.416","1","1","1","0.536","perfect","ok"
"HD_p023+p019","high","p019","p023","PHEAD","1","1","unusable","0","0.4090","degenerate","0.409","0.841","1","1","1","fail","fail"
"HD_p023+p019","high","p019","p023","BC_klein","2","3","unusable","0","0.4000","degenerate","0.4","0.877","1","1","1","fail","fail"
"HD_p023+p019","high","p019","p023","QX_qwen_p1","3","5","unusable","0","0.5980","degenerate","0.598","0.906","1","1","1","perfect","fail"
"HD_dualuse_zendaya_white_blazer_skirt+p017","high","p017","dualuse_zendaya_white_blazer_skirt","PHEAD","1","1","unusable","0","1.0000","degenerate","1","1","1","1","0.902","fail","fail"
"HD_dualuse_zendaya_white_blazer_skirt+p017","high","p017","dualuse_zendaya_white_blazer_skirt","BC_klein","2","3","usable","1","0.9410","degenerate","0.941","1","1","1","0.901","perfect","fail"
"HD_dualuse_zendaya_white_blazer_skirt+p017","high","p017","dualuse_zendaya_white_blazer_skirt","QX_qwen_p1","3","5","usable","0","0.2750","degenerate","0.275","1","1","1","1","ok","fail"
"HD_dualuse_zendaya_white_blazer_skirt+dualuse_lp_beige_long_coat_menswear","high","dualuse_lp_beige_long_coat_menswear","dualuse_zendaya_white_blazer_skirt","PHEAD","1","1","usable","1","1.0000","degenerate","1","1","1","1","1","ok","ok"
"HD_dualuse_zendaya_white_blazer_skirt+dualuse_lp_beige_long_coat_menswear","high","dualuse_lp_beige_long_coat_menswear","dualuse_zendaya_white_blazer_skirt","BC_klein","2","3","usable","0","1.0000","degenerate","1","1","1","1","1","perfect","ok"
"HD_dualuse_zendaya_white_blazer_skirt+dualuse_lp_beige_long_coat_menswear","high","dualuse_lp_beige_long_coat_menswear","dualuse_zendaya_white_blazer_skirt","QX_qwen_p1","3","5","usable","0","0.9270","degenerate","0.927","1","1","1","1","perfect","ok"
"HD_p019+dualuse_hugh_jackman_grey_suit_outdoor","high","dualuse_hugh_jackman_grey_suit_outdoor","p019","PHEAD","1","1","unusable","0","1.0000","degenerate","1","1","1","1","1","ok","ok"
"HD_p019+dualuse_hugh_jackman_grey_suit_outdoor","high","dualuse_hugh_jackman_grey_suit_outdoor","p019","BC_klein","2","3","unusable","0","1.0000","degenerate","1","1","1","1","1","ok","ok"
"HD_p019+dualuse_hugh_jackman_grey_suit_outdoor","high","dualuse_hugh_jackman_grey_suit_outdoor","p019","QX_qwen_p1","3","5","usable","1","1.0000","degenerate","1","1","1","1","1","perfect","ok"
"HD_p019+p009","high","p009","p019","PHEAD","1","1","usable","1","0.9560","degenerate","0.956","1","1","1","0.932","perfect","perfect"
"HD_p019+p009","high","p009","p019","BC_klein","2","3","usable","0","1.0000","degenerate","1","1","1","1","0.93","perfect","perfect"
"HD_p019+p009","high","p009","p019","QX_qwen_p1","3","5","usable","0","1.0000","degenerate","1","1","1","1","0.913","ok","perfect"
"HD_p028+dualuse_navy_peacoat_onmodel","high","dualuse_navy_peacoat_onmodel","p028","PHEAD","1","1","unusable","0","0.4990","degenerate","0.499","0.731","1","0.755","1","perfect","perfect"
"HD_p028+dualuse_navy_peacoat_onmodel","high","dualuse_navy_peacoat_onmodel","p028","BC_klein","2","3","usable","1","0.4150","degenerate","0.415","0.609","1","1","1","perfect","perfect"
"HD_p028+dualuse_navy_peacoat_onmodel","high","dualuse_navy_peacoat_onmodel","p028","QX_qwen_p1","3","5","usable","0","0.4690","degenerate","0.469","0.603","1","1","1","perfect","perfect"
"HD_p028+p019","high","p019","p028","PHEAD","1","1","usable","1","0.9910","noop","1","0.991","1","1","1","perfect","perfect"
"HD_p028+p019","high","p019","p028","BC_klein","2","3","usable","0","1.0000","degenerate","1","1","1","1","1","perfect","perfect"
"HD_p028+p019","high","p019","p028","QX_qwen_p1","3","5","usable","0","0.3780","degenerate","0.378","0.962","1","1","1","perfect","perfect"
"HD_p009+p018","high","p018","p009","PHEAD","1","1","usable","1","0.4630","degenerate","0.463","0.983","1","1","1","perfect","perfect"
"HD_p009+p018","high","p018","p009","BC_klein","2","3","usable","0","0.4520","degenerate","0.452","0.989","1","1","1","perfect","perfect"
"HD_p009+p018","high","p018","p009","QX_qwen_p1","3","5","usable","0","0.3530","degenerate","0.353","0.975","1","1","1","perfect","perfect"
"HD_p009+dualuse_man_black_suit_studio_nonceleb","high","dualuse_man_black_suit_studio_nonceleb","p009","PHEAD","1","1","usable","1","0.5360","noop","1","0.536","1","1","1","perfect","perfect"
"HD_p009+dualuse_man_black_suit_studio_nonceleb","high","dualuse_man_black_suit_studio_nonceleb","p009","BC_klein","2","3","usable","0","0.4930","noop","1","0.493","1","1","1","ok","perfect"
"HD_p009+dualuse_man_black_suit_studio_nonceleb","high","dualuse_man_black_suit_studio_nonceleb","p009","QX_qwen_p1","3","5","unusable","0","0.2580","noop","1","0.258","1","1","1","ok","perfect"