set_id,position,arm
p001+p002,A,BC
p001+p002,B,BCA4
p001+p002,C,V
p001+p002,D,VEi
p002+p003,A,BCA4
p002+p003,B,BC
p002+p003,C,V
p002+p003,D,VEi
p003+p004,A,BCA4
p003+p004,B,VEi
p003+p004,C,BC
p003+p004,D,V
p004+p005,A,BC
p004+p005,B,V
p004+p005,C,BCA4
p004+p005,D,VEi
p005+p006,A,BCA4
p005+p006,B,V
p005+p006,C,BC
p005+p006,D,VEi
p006+p007,A,V
p006+p007,B,BCA4
p006+p007,C,VEi
p006+p007,D,BC
p007+p008,A,VEi
p007+p008,B,V
p007+p008,C,BC
p007+p008,D,BCA4
p008+p009,A,VEi
p008+p009,B,BCA4
p008+p009,C,BC
p008+p009,D,V
p009+p010,A,V
p009+p010,B,BCA4
p009+p010,C,BC
p009+p010,D,VEi
p010+p011,A,VEi
p010+p011,B,BCA4
p010+p011,C,BC
p010+p011,D,V
p011+p012,A,V
p011+p012,B,VEi
p011+p012,C,BC
p011+p012,D,BCA4
p012+p013,A,VEi
p012+p013,B,V
p012+p013,C,BC
p012+p013,D,BCA4
p013+p014,A,BCA4
p013+p014,B,V
p013+p014,C,BC
p013+p014,D,VEi
p014+p015,A,BC
p014+p015,B,VEi
p014+p015,C,BCA4
p014+p015,D,V
p015+p016,A,V
p015+p016,B,VEi
p015+p016,C,BC
p015+p016,D,BCA4
p016+p017,A,VEi
p016+p017,B,V
p016+p017,C,BCA4
p016+p017,D,BC
p017+p018,A,V
p017+p018,B,BCA4
p017+p018,C,VEi
p017+p018,D,BC
p018+p019,A,BC
p018+p019,B,BCA4
p018+p019,C,V
p018+p019,D,VEi
p019+p020,A,V
p019+p020,B,BCA4
p019+p020,C,BC
p019+p020,D,VEi
p020+p021,A,V
p020+p021,B,VEi
p020+p021,C,BCA4
p020+p021,D,BC
p021+p022,A,V
p021+p022,B,BCA4
p021+p022,C,VEi
p021+p022,D,BC
p022+p023,A,BC
p022+p023,B,V
p022+p023,C,BCA4
p022+p023,D,VEi
p023+p024,A,BCA4
p023+p024,B,BC
p023+p024,C,VEi
p023+p024,D,V
p024+p025,A,BCA4
p024+p025,B,BC
p024+p025,C,V
p024+p025,D,VEi
p025+p026,A,V
p025+p026,B,BCA4
p025+p026,C,BC
p025+p026,D,VEi
p026+p027,A,BC
p026+p027,B,BCA4
p026+p027,C,V
p026+p027,D,VEi
p027+p028,A,VEi
p027+p028,B,V
p027+p028,C,BC
p027+p028,D,BCA4
p028+p029,A,V
p028+p029,B,BC
p028+p029,C,BCA4
p028+p029,D,VEi
p029+p030,A,BC
p029+p030,B,BCA4
p029+p030,C,V
p029+p030,D,VEi
p030+dualuse_emma_watson_black_blazer_armscrossed,A,V
p030+dualuse_emma_watson_black_blazer_armscrossed,B,BCA4
p030+dualuse_emma_watson_black_blazer_armscrossed,C,VEi
p030+dualuse_emma_watson_black_blazer_armscrossed,D,BC
dualuse_emma_watson_black_blazer_armscrossed+dualuse_gal_gadot_blue_dress_redcarpet,A,V
dualuse_emma_watson_black_blazer_armscrossed+dualuse_gal_gadot_blue_dress_redcarpet,B,BC
dualuse_emma_watson_black_blazer_armscrossed+dualuse_gal_gadot_blue_dress_redcarpet,C,VEi
dualuse_emma_watson_black_blazer_armscrossed+dualuse_gal_gadot_blue_dress_redcarpet,D,BCA4
dualuse_gal_gadot_blue_dress_redcarpet+dualuse_hugh_jackman_grey_suit_outdoor,A,BC
dualuse_gal_gadot_blue_dress_redcarpet+dualuse_hugh_jackman_grey_suit_outdoor,B,VEi
dualuse_gal_gadot_blue_dress_redcarpet+dualuse_hugh_jackman_grey_suit_outdoor,C,V
dualuse_gal_gadot_blue_dress_redcarpet+dualuse_hugh_jackman_grey_suit_outdoor,D,BCA4
dualuse_hugh_jackman_grey_suit_outdoor+dualuse_man_black_suit_studio_nonceleb,A,V
dualuse_hugh_jackman_grey_suit_outdoor+dualuse_man_black_suit_studio_nonceleb,B,BC
dualuse_hugh_jackman_grey_suit_outdoor+dualuse_man_black_suit_studio_nonceleb,C,BCA4
dualuse_hugh_jackman_grey_suit_outdoor+dualuse_man_black_suit_studio_nonceleb,D,VEi
dualuse_man_black_suit_studio_nonceleb+dualuse_queen_latifah_gown_stage,A,V
dualuse_man_black_suit_studio_nonceleb+dualuse_queen_latifah_gown_stage,B,VEi
dualuse_man_black_suit_studio_nonceleb+dualuse_queen_latifah_gown_stage,C,BC
dualuse_man_black_suit_studio_nonceleb+dualuse_queen_latifah_gown_stage,D,BCA4
dualuse_queen_latifah_gown_stage+dualuse_scarlett_johansson_black_dress_backview_night,A,V
dualuse_queen_latifah_gown_stage+dualuse_scarlett_johansson_black_dress_backview_night,B,BCA4
dualuse_queen_latifah_gown_stage+dualuse_scarlett_johansson_black_dress_backview_night,C,VEi
dualuse_queen_latifah_gown_stage+dualuse_scarlett_johansson_black_dress_backview_night,D,BC
dualuse_scarlett_johansson_black_dress_backview_night+dualuse_woman_top_denim_skirt_nonceleb,A,BC
dualuse_scarlett_johansson_black_dress_backview_night+dualuse_woman_top_denim_skirt_nonceleb,B,V
dualuse_scarlett_johansson_black_dress_backview_night+dualuse_woman_top_denim_skirt_nonceleb,C,BCA4
dualuse_scarlett_johansson_black_dress_backview_night+dualuse_woman_top_denim_skirt_nonceleb,D,VEi
dualuse_woman_top_denim_skirt_nonceleb+dualuse_zendaya_white_blazer_skirt,A,VEi
dualuse_woman_top_denim_skirt_nonceleb+dualuse_zendaya_white_blazer_skirt,B,V
dualuse_woman_top_denim_skirt_nonceleb+dualuse_zendaya_white_blazer_skirt,C,BC
dualuse_woman_top_denim_skirt_nonceleb+dualuse_zendaya_white_blazer_skirt,D,BCA4
dualuse_zendaya_white_blazer_skirt+dualuse_lp_beige_long_coat_menswear,A,BC
dualuse_zendaya_white_blazer_skirt+dualuse_lp_beige_long_coat_menswear,B,VEi
dualuse_zendaya_white_blazer_skirt+dualuse_lp_beige_long_coat_menswear,C,V
dualuse_zendaya_white_blazer_skirt+dualuse_lp_beige_long_coat_menswear,D,BCA4
dualuse_lp_beige_long_coat_menswear+dualuse_lp_floral_kimono_set,A,V
dualuse_lp_beige_long_coat_menswear+dualuse_lp_floral_kimono_set,B,BCA4
dualuse_lp_beige_long_coat_menswear+dualuse_lp_floral_kimono_set,C,BC
dualuse_lp_beige_long_coat_menswear+dualuse_lp_floral_kimono_set,D,VEi
dualuse_lp_floral_kimono_set+dualuse_lp_navy_quarterzip_knit_LOWRES,A,V
dualuse_lp_floral_kimono_set+dualuse_lp_navy_quarterzip_knit_LOWRES,B,BC
dualuse_lp_floral_kimono_set+dualuse_lp_navy_quarterzip_knit_LOWRES,C,BCA4
dualuse_lp_floral_kimono_set+dualuse_lp_navy_quarterzip_knit_LOWRES,D,VEi
dualuse_lp_navy_quarterzip_knit_LOWRES+dualuse_lp_plaid_overcoat_brown_suit,A,BC
dualuse_lp_navy_quarterzip_knit_LOWRES+dualuse_lp_plaid_overcoat_brown_suit,B,VEi
dualuse_lp_navy_quarterzip_knit_LOWRES+dualuse_lp_plaid_overcoat_brown_suit,C,BCA4
dualuse_lp_navy_quarterzip_knit_LOWRES+dualuse_lp_plaid_overcoat_brown_suit,D,V
dualuse_lp_plaid_overcoat_brown_suit+dualuse_navy_peacoat_onmodel,A,VEi
dualuse_lp_plaid_overcoat_brown_suit+dualuse_navy_peacoat_onmodel,B,BC
dualuse_lp_plaid_overcoat_brown_suit+dualuse_navy_peacoat_onmodel,C,V
dualuse_lp_plaid_overcoat_brown_suit+dualuse_navy_peacoat_onmodel,D,BCA4
dualuse_navy_peacoat_onmodel+g004,A,BCA4
dualuse_navy_peacoat_onmodel+g004,B,BC
dualuse_navy_peacoat_onmodel+g004,C,V
dualuse_navy_peacoat_onmodel+g004,D,VEi
g004+g005,A,BC
g004+g005,B,VEi
g004+g005,C,BCA4
g004+g005,D,V
g005+g009,A,BCA4
g005+g009,B,BC
g005+g009,C,V
g005+g009,D,VEi
g009+g011,A,BCA4
g009+g011,B,BC
g009+g011,C,VEi
g009+g011,D,V
g011+g012,A,V
g011+g012,B,BC
g011+g012,C,BCA4
g011+g012,D,VEi
g012+g013,A,V
g012+g013,B,VEi
g012+g013,C,BC
g012+g013,D,BCA4
g013+g014,A,V
g013+g014,B,VEi
g013+g014,C,BC
g013+g014,D,BCA4
g014+g015,A,V
g014+g015,B,VEi
g014+g015,C,BCA4
g014+g015,D,BC
g015+g018,A,BCA4
g015+g018,B,BC
g015+g018,C,V
g015+g018,D,VEi
g018+g024,A,BCA4
g018+g024,B,VEi
g018+g024,C,BC
g018+g024,D,V
g024+g027,A,V
g024+g027,B,VEi
g024+g027,C,BCA4
g024+g027,D,BC
g027+g029,A,BC
g027+g029,B,V
g027+g029,C,BCA4
g027+g029,D,VEi
g029+g030,A,VEi
g029+g030,B,BCA4
g029+g030,C,BC
g029+g030,D,V
g030+p001,A,BC
g030+p001,B,V
g030+p001,C,BCA4
g030+p001,D,VEi
p001+p006,A,BCA4
p001+p006,B,V
p001+p006,C,BC
p001+p006,D,VEi
p002+p007,A,BCA4
p002+p007,B,VEi
p002+p007,C,V
p002+p007,D,BC
p003+p008,A,VEi
p003+p008,B,V
p003+p008,C,BC
p003+p008,D,BCA4
p004+p009,A,VEi
p004+p009,B,BCA4
p004+p009,C,V
p004+p009,D,BC
p005+p010,A,VEi
p005+p010,B,BC
p005+p010,C,BCA4
p005+p010,D,V
p006+p011,A,BC
p006+p011,B,BCA4
p006+p011,C,VEi
p006+p011,D,V
p007+p012,A,BC
p007+p012,B,VEi
p007+p012,C,BCA4
p007+p012,D,V
p008+p013,A,V
p008+p013,B,BC
p008+p013,C,VEi
p008+p013,D,BCA4
p009+p014,A,VEi
p009+p014,B,V
p009+p014,C,BC
p009+p014,D,BCA4
p010+p015,A,V
p010+p015,B,BCA4
p010+p015,C,BC
p010+p015,D,VEi
p011+p016,A,VEi
p011+p016,B,BC
p011+p016,C,V
p011+p016,D,BCA4
p012+p017,A,VEi
p012+p017,B,BC
p012+p017,C,BCA4
p012+p017,D,V
p013+p018,A,BCA4
p013+p018,B,BC
p013+p018,C,VEi
p013+p018,D,V
p014+p019,A,V
p014+p019,B,BC
p014+p019,C,BCA4
p014+p019,D,VEi
p015+p020,A,BCA4
p015+p020,B,BC
p015+p020,C,V
p015+p020,D,VEi
p016+p021,A,BC
p016+p021,B,V
p016+p021,C,VEi
p016+p021,D,BCA4
p017+p022,A,V
p017+p022,B,BC
p017+p022,C,BCA4
p017+p022,D,VEi
p018+p023,A,BC
p018+p023,B,V
p018+p023,C,VEi
p018+p023,D,BCA4
p019+p024,A,BC
p019+p024,B,BCA4
p019+p024,C,V
p019+p024,D,VEi
p020+p025,A,BC
p020+p025,B,VEi
p020+p025,C,V
p020+p025,D,BCA4
p021+p026,A,V
p021+p026,B,BC
p021+p026,C,BCA4
p021+p026,D,VEi
p022+p027,A,BC
p022+p027,B,V
p022+p027,C,VEi
p022+p027,D,BCA4
p023+p028,A,BC
p023+p028,B,VEi
p023+p028,C,BCA4
p023+p028,D,V
p024+p029,A,BCA4
p024+p029,B,V
p024+p029,C,BC
p024+p029,D,VEi
p025+p030,A,VEi
p025+p030,B,BCA4
p025+p030,C,V
p025+p030,D,BC
p026+dualuse_emma_watson_black_blazer_armscrossed,A,V
p026+dualuse_emma_watson_black_blazer_armscrossed,B,BC
p026+dualuse_emma_watson_black_blazer_armscrossed,C,BCA4
p026+dualuse_emma_watson_black_blazer_armscrossed,D,VEi
p027+dualuse_gal_gadot_blue_dress_redcarpet,A,BCA4
p027+dualuse_gal_gadot_blue_dress_redcarpet,B,V
p027+dualuse_gal_gadot_blue_dress_redcarpet,C,VEi
p027+dualuse_gal_gadot_blue_dress_redcarpet,D,BC
p028+dualuse_hugh_jackman_grey_suit_outdoor,A,VEi
p028+dualuse_hugh_jackman_grey_suit_outdoor,B,V
p028+dualuse_hugh_jackman_grey_suit_outdoor,C,BC
p028+dualuse_hugh_jackman_grey_suit_outdoor,D,BCA4
p029+dualuse_man_black_suit_studio_nonceleb,A,BC
p029+dualuse_man_black_suit_studio_nonceleb,B,BCA4
p029+dualuse_man_black_suit_studio_nonceleb,C,V
p029+dualuse_man_black_suit_studio_nonceleb,D,VEi
p030+dualuse_queen_latifah_gown_stage,A,VEi
p030+dualuse_queen_latifah_gown_stage,B,BC
p030+dualuse_queen_latifah_gown_stage,C,V
p030+dualuse_queen_latifah_gown_stage,D,BCA4
dualuse_emma_watson_black_blazer_armscrossed+dualuse_scarlett_johansson_black_dress_backview_night,A,VEi
dualuse_emma_watson_black_blazer_armscrossed+dualuse_scarlett_johansson_black_dress_backview_night,B,BC
dualuse_emma_watson_black_blazer_armscrossed+dualuse_scarlett_johansson_black_dress_backview_night,C,V
dualuse_emma_watson_black_blazer_armscrossed+dualuse_scarlett_johansson_black_dress_backview_night,D,BCA4
dualuse_gal_gadot_blue_dress_redcarpet+dualuse_woman_top_denim_skirt_nonceleb,A,BCA4
dualuse_gal_gadot_blue_dress_redcarpet+dualuse_woman_top_denim_skirt_nonceleb,B,BC
dualuse_gal_gadot_blue_dress_redcarpet+dualuse_woman_top_denim_skirt_nonceleb,C,V
dualuse_gal_gadot_blue_dress_redcarpet+dualuse_woman_top_denim_skirt_nonceleb,D,VEi
dualuse_hugh_jackman_grey_suit_outdoor+dualuse_zendaya_white_blazer_skirt,A,BC
dualuse_hugh_jackman_grey_suit_outdoor+dualuse_zendaya_white_blazer_skirt,B,BCA4
dualuse_hugh_jackman_grey_suit_outdoor+dualuse_zendaya_white_blazer_skirt,C,VEi
dualuse_hugh_jackman_grey_suit_outdoor+dualuse_zendaya_white_blazer_skirt,D,V
dualuse_man_black_suit_studio_nonceleb+dualuse_lp_beige_long_coat_menswear,A,BCA4
dualuse_man_black_suit_studio_nonceleb+dualuse_lp_beige_long_coat_menswear,B,BC
dualuse_man_black_suit_studio_nonceleb+dualuse_lp_beige_long_coat_menswear,C,VEi
dualuse_man_black_suit_studio_nonceleb+dualuse_lp_beige_long_coat_menswear,D,V
dualuse_queen_latifah_gown_stage+dualuse_lp_floral_kimono_set,A,VEi
dualuse_queen_latifah_gown_stage+dualuse_lp_floral_kimono_set,B,V
dualuse_queen_latifah_gown_stage+dualuse_lp_floral_kimono_set,C,BC
dualuse_queen_latifah_gown_stage+dualuse_lp_floral_kimono_set,D,BCA4
dualuse_scarlett_johansson_black_dress_backview_night+dualuse_lp_navy_quarterzip_knit_LOWRES,A,VEi
dualuse_scarlett_johansson_black_dress_backview_night+dualuse_lp_navy_quarterzip_knit_LOWRES,B,BCA4
dualuse_scarlett_johansson_black_dress_backview_night+dualuse_lp_navy_quarterzip_knit_LOWRES,C,V
dualuse_scarlett_johansson_black_dress_backview_night+dualuse_lp_navy_quarterzip_knit_LOWRES,D,BC
dualuse_woman_top_denim_skirt_nonceleb+dualuse_lp_plaid_overcoat_brown_suit,A,V
dualuse_woman_top_denim_skirt_nonceleb+dualuse_lp_plaid_overcoat_brown_suit,B,BC
dualuse_woman_top_denim_skirt_nonceleb+dualuse_lp_plaid_overcoat_brown_suit,C,VEi
dualuse_woman_top_denim_skirt_nonceleb+dualuse_lp_plaid_overcoat_brown_suit,D,BCA4
dualuse_zendaya_white_blazer_skirt+dualuse_navy_peacoat_onmodel,A,BCA4
dualuse_zendaya_white_blazer_skirt+dualuse_navy_peacoat_onmodel,B,VEi
dualuse_zendaya_white_blazer_skirt+dualuse_navy_peacoat_onmodel,C,V
dualuse_zendaya_white_blazer_skirt+dualuse_navy_peacoat_onmodel,D,BC
dualuse_lp_beige_long_coat_menswear+g004,A,BCA4
dualuse_lp_beige_long_coat_menswear+g004,B,VEi
dualuse_lp_beige_long_coat_menswear+g004,C,V
dualuse_lp_beige_long_coat_menswear+g004,D,BC
dualuse_lp_floral_kimono_set+g005,A,BC
dualuse_lp_floral_kimono_set+g005,B,V
dualuse_lp_floral_kimono_set+g005,C,VEi
dualuse_lp_floral_kimono_set+g005,D,BCA4
dualuse_lp_navy_quarterzip_knit_LOWRES+g009,A,BCA4
dualuse_lp_navy_quarterzip_knit_LOWRES+g009,B,V
dualuse_lp_navy_quarterzip_knit_LOWRES+g009,C,BC
dualuse_lp_navy_quarterzip_knit_LOWRES+g009,D,VEi
dualuse_lp_plaid_overcoat_brown_suit+g011,A,VEi
dualuse_lp_plaid_overcoat_brown_suit+g011,B,BCA4
dualuse_lp_plaid_overcoat_brown_suit+g011,C,BC
dualuse_lp_plaid_overcoat_brown_suit+g011,D,V
dualuse_navy_peacoat_onmodel+g012,A,V
dualuse_navy_peacoat_onmodel+g012,B,BC
dualuse_navy_peacoat_onmodel+g012,C,VEi
dualuse_navy_peacoat_onmodel+g012,D,BCA4
g004+g013,A,V
g004+g013,B,BC
g004+g013,C,BCA4
g004+g013,D,VEi
g005+g014,A,V
g005+g014,B,BCA4
g005+g014,C,VEi
g005+g014,D,BC
g009+g015,A,BC
g009+g015,B,VEi
g009+g015,C,V
g009+g015,D,BCA4
g011+g018,A,VEi
g011+g018,B,BCA4
g011+g018,C,V
g011+g018,D,BC
g012+g024,A,V
g012+g024,B,VEi
g012+g024,C,BCA4
g012+g024,D,BC
g013+g027,A,VEi
g013+g027,B,V
g013+g027,C,BC
g013+g027,D,BCA4
g014+g029,A,BC
g014+g029,B,VEi
g014+g029,C,BCA4
g014+g029,D,V
g015+g030,A,VEi
g015+g030,B,BCA4
g015+g030,C,BC
g015+g030,D,V
g018+p001,A,BCA4
g018+p001,B,BC
g018+p001,C,V
g018+p001,D,VEi
g024+p002,A,BC
g024+p002,B,BCA4
g024+p002,C,VEi
g024+p002,D,V
g027+p003,A,VEi
g027+p003,B,BC
g027+p003,C,V
g027+p003,D,BCA4
g029+p004,A,BC
g029+p004,B,V
g029+p004,C,BCA4
g029+p004,D,VEi
g030+p005,A,BCA4
g030+p005,B,VEi
g030+p005,C,V
g030+p005,D,BC
p001+p014,A,VEi
p001+p014,B,BCA4
p001+p014,C,V
p001+p014,D,BC
p002+p015,A,BC
p002+p015,B,VEi
p002+p015,C,V
p002+p015,D,BCA4
p003+p016,A,V
p003+p016,B,VEi
p003+p016,C,BCA4
p003+p016,D,BC
p004+p017,A,BC
p004+p017,B,V
p004+p017,C,BCA4
p004+p017,D,VEi
p005+p018,A,VEi
p005+p018,B,BC
p005+p018,C,BCA4
p005+p018,D,V
p006+p019,A,VEi
p006+p019,B,BC
p006+p019,C,BCA4
p006+p019,D,V
p007+p020,A,VEi
p007+p020,B,V
p007+p020,C,BC
p007+p020,D,BCA4
p008+p021,A,BCA4
p008+p021,B,BC
p008+p021,C,V
p008+p021,D,VEi
p009+p022,A,BCA4
p009+p022,B,BC
p009+p022,C,V
p009+p022,D,VEi
p010+p023,A,V
p010+p023,B,BCA4
p010+p023,C,BC
p010+p023,D,VEi
p011+p024,A,VEi
p011+p024,B,BCA4
p011+p024,C,BC
p011+p024,D,V
p012+p025,A,BCA4
p012+p025,B,BC
p012+p025,C,VEi
p012+p025,D,V
p013+p026,A,VEi
p013+p026,B,BC
p013+p026,C,V
p013+p026,D,BCA4
p014+p027,A,BC
p014+p027,B,VEi
p014+p027,C,BCA4
p014+p027,D,V
p015+p028,A,VEi
p015+p028,B,V
p015+p028,C,BCA4
p015+p028,D,BC
p016+p029,A,V
p016+p029,B,BC
p016+p029,C,BCA4
p016+p029,D,VEi
p017+p030,A,BCA4
p017+p030,B,VEi
p017+p030,C,BC
p017+p030,D,V
p018+dualuse_emma_watson_black_blazer_armscrossed,A,BC
p018+dualuse_emma_watson_black_blazer_armscrossed,B,V
p018+dualuse_emma_watson_black_blazer_armscrossed,C,BCA4
p018+dualuse_emma_watson_black_blazer_armscrossed,D,VEi
p019+dualuse_gal_gadot_blue_dress_redcarpet,A,BCA4
p019+dualuse_gal_gadot_blue_dress_redcarpet,B,V
p019+dualuse_gal_gadot_blue_dress_redcarpet,C,BC
p019+dualuse_gal_gadot_blue_dress_redcarpet,D,VEi
p020+dualuse_hugh_jackman_grey_suit_outdoor,A,BCA4
p020+dualuse_hugh_jackman_grey_suit_outdoor,B,V
p020+dualuse_hugh_jackman_grey_suit_outdoor,C,BC
p020+dualuse_hugh_jackman_grey_suit_outdoor,D,VEi
p021+dualuse_man_black_suit_studio_nonceleb,A,BCA4
p021+dualuse_man_black_suit_studio_nonceleb,B,BC
p021+dualuse_man_black_suit_studio_nonceleb,C,V
p021+dualuse_man_black_suit_studio_nonceleb,D,VEi
p022+dualuse_queen_latifah_gown_stage,A,VEi
p022+dualuse_queen_latifah_gown_stage,B,BC
p022+dualuse_queen_latifah_gown_stage,C,BCA4
p022+dualuse_queen_latifah_gown_stage,D,V
p023+dualuse_scarlett_johansson_black_dress_backview_night,A,V
p023+dualuse_scarlett_johansson_black_dress_backview_night,B,BCA4
p023+dualuse_scarlett_johansson_black_dress_backview_night,C,BC
p023+dualuse_scarlett_johansson_black_dress_backview_night,D,VEi
p024+dualuse_woman_top_denim_skirt_nonceleb,A,V
p024+dualuse_woman_top_denim_skirt_nonceleb,B,BCA4
p024+dualuse_woman_top_denim_skirt_nonceleb,C,VEi
p024+dualuse_woman_top_denim_skirt_nonceleb,D,BC
p025+dualuse_zendaya_white_blazer_skirt,A,BCA4
p025+dualuse_zendaya_white_blazer_skirt,B,V
p025+dualuse_zendaya_white_blazer_skirt,C,BC
p025+dualuse_zendaya_white_blazer_skirt,D,VEi
p026+dualuse_lp_beige_long_coat_menswear,A,VEi
p026+dualuse_lp_beige_long_coat_menswear,B,V
p026+dualuse_lp_beige_long_coat_menswear,C,BCA4
p026+dualuse_lp_beige_long_coat_menswear,D,BC
p027+dualuse_lp_floral_kimono_set,A,BCA4
p027+dualuse_lp_floral_kimono_set,B,VEi
p027+dualuse_lp_floral_kimono_set,C,V
p027+dualuse_lp_floral_kimono_set,D,BC
p028+dualuse_lp_navy_quarterzip_knit_LOWRES,A,VEi
p028+dualuse_lp_navy_quarterzip_knit_LOWRES,B,BCA4
p028+dualuse_lp_navy_quarterzip_knit_LOWRES,C,V
p028+dualuse_lp_navy_quarterzip_knit_LOWRES,D,BC
p029+dualuse_lp_plaid_overcoat_brown_suit,A,V
p029+dualuse_lp_plaid_overcoat_brown_suit,B,BC
p029+dualuse_lp_plaid_overcoat_brown_suit,C,BCA4
p029+dualuse_lp_plaid_overcoat_brown_suit,D,VEi
p030+dualuse_navy_peacoat_onmodel,A,V
p030+dualuse_navy_peacoat_onmodel,B,VEi
p030+dualuse_navy_peacoat_onmodel,C,BC
p030+dualuse_navy_peacoat_onmodel,D,BCA4
dualuse_emma_watson_black_blazer_armscrossed+g004,A,BCA4
dualuse_emma_watson_black_blazer_armscrossed+g004,B,BC
dualuse_emma_watson_black_blazer_armscrossed+g004,C,V
dualuse_emma_watson_black_blazer_armscrossed+g004,D,VEi
dualuse_gal_gadot_blue_dress_redcarpet+g005,A,BCA4
dualuse_gal_gadot_blue_dress_redcarpet+g005,B,BC
dualuse_gal_gadot_blue_dress_redcarpet+g005,C,V
dualuse_gal_gadot_blue_dress_redcarpet+g005,D,VEi
dualuse_hugh_jackman_grey_suit_outdoor+g009,A,VEi
dualuse_hugh_jackman_grey_suit_outdoor+g009,B,BCA4
dualuse_hugh_jackman_grey_suit_outdoor+g009,C,V
dualuse_hugh_jackman_grey_suit_outdoor+g009,D,BC
dualuse_man_black_suit_studio_nonceleb+g011,A,V
dualuse_man_black_suit_studio_nonceleb+g011,B,BC
dualuse_man_black_suit_studio_nonceleb+g011,C,BCA4
dualuse_man_black_suit_studio_nonceleb+g011,D,VEi
dualuse_queen_latifah_gown_stage+g012,A,BC
dualuse_queen_latifah_gown_stage+g012,B,BCA4
dualuse_queen_latifah_gown_stage+g012,C,V
dualuse_queen_latifah_gown_stage+g012,D,VEi
dualuse_scarlett_johansson_black_dress_backview_night+g013,A,V
dualuse_scarlett_johansson_black_dress_backview_night+g013,B,VEi
dualuse_scarlett_johansson_black_dress_backview_night+g013,C,BC
dualuse_scarlett_johansson_black_dress_backview_night+g013,D,BCA4
dualuse_woman_top_denim_skirt_nonceleb+g014,A,V
dualuse_woman_top_denim_skirt_nonceleb+g014,B,BCA4
dualuse_woman_top_denim_skirt_nonceleb+g014,C,BC
dualuse_woman_top_denim_skirt_nonceleb+g014,D,VEi
dualuse_zendaya_white_blazer_skirt+g015,A,VEi
dualuse_zendaya_white_blazer_skirt+g015,B,BC
dualuse_zendaya_white_blazer_skirt+g015,C,V
dualuse_zendaya_white_blazer_skirt+g015,D,BCA4
dualuse_lp_beige_long_coat_menswear+g018,A,V
dualuse_lp_beige_long_coat_menswear+g018,B,BCA4
dualuse_lp_beige_long_coat_menswear+g018,C,VEi
dualuse_lp_beige_long_coat_menswear+g018,D,BC
dualuse_lp_floral_kimono_set+g024,A,BCA4
dualuse_lp_floral_kimono_set+g024,B,VEi
dualuse_lp_floral_kimono_set+g024,C,BC
dualuse_lp_floral_kimono_set+g024,D,V
dualuse_lp_navy_quarterzip_knit_LOWRES+g027,A,BC
dualuse_lp_navy_quarterzip_knit_LOWRES+g027,B,BCA4
dualuse_lp_navy_quarterzip_knit_LOWRES+g027,C,VEi
dualuse_lp_navy_quarterzip_knit_LOWRES+g027,D,V
dualuse_lp_plaid_overcoat_brown_suit+g029,A,BCA4
dualuse_lp_plaid_overcoat_brown_suit+g029,B,VEi
dualuse_lp_plaid_overcoat_brown_suit+g029,C,V
dualuse_lp_plaid_overcoat_brown_suit+g029,D,BC
dualuse_navy_peacoat_onmodel+g030,A,BC
dualuse_navy_peacoat_onmodel+g030,B,BCA4
dualuse_navy_peacoat_onmodel+g030,C,V
dualuse_navy_peacoat_onmodel+g030,D,VEi
g004+p001,A,VEi
g004+p001,B,BC
g004+p001,C,BCA4
g004+p001,D,V
g005+p002,A,BC
g005+p002,B,VEi
g005+p002,C,V
g005+p002,D,BCA4
g009+p003,A,BC
g009+p003,B,BCA4
g009+p003,C,V
g009+p003,D,VEi
g011+p004,A,VEi
g011+p004,B,BC
g011+p004,C,V
g011+p004,D,BCA4
g012+p005,A,BC
g012+p005,B,VEi
g012+p005,C,BCA4
g012+p005,D,V
g013+p006,A,VEi
g013+p006,B,BCA4
g013+p006,C,BC
g013+p006,D,V
g014+p007,A,V
g014+p007,B,VEi
g014+p007,C,BC
g014+p007,D,BCA4
g015+p008,A,BCA4
g015+p008,B,BC
g015+p008,C,V
g015+p008,D,VEi
g018+p009,A,BC
g018+p009,B,BCA4
g018+p009,C,V
g018+p009,D,VEi
g024+p010,A,BC
g024+p010,B,VEi
g024+p010,C,V
g024+p010,D,BCA4
g027+p011,A,V
g027+p011,B,VEi
g027+p011,C,BCA4
g027+p011,D,BC
g029+p012,A,V
g029+p012,B,BCA4
g029+p012,C,BC
g029+p012,D,VEi
g030+p013,A,VEi
g030+p013,B,BCA4
g030+p013,C,V
g030+p013,D,BC
p001+p024,A,BCA4
p001+p024,B,BC
p001+p024,C,VEi
p001+p024,D,V
p002+p025,A,V
p002+p025,B,BCA4
p002+p025,C,BC
p002+p025,D,VEi
p003+p026,A,BC
p003+p026,B,BCA4
p003+p026,C,V
p003+p026,D,VEi
p004+p027,A,V
p004+p027,B,BCA4
p004+p027,C,VEi
p004+p027,D,BC
p005+p028,A,BCA4
p005+p028,B,V
p005+p028,C,BC
p005+p028,D,VEi
p006+p029,A,VEi
p006+p029,B,BC
p006+p029,C,BCA4
p006+p029,D,V
p007+p030,A,V
p007+p030,B,VEi
p007+p030,C,BC
p007+p030,D,BCA4
p008+dualuse_emma_watson_black_blazer_armscrossed,A,V
p008+dualuse_emma_watson_black_blazer_armscrossed,B,BC
p008+dualuse_emma_watson_black_blazer_armscrossed,C,BCA4
p008+dualuse_emma_watson_black_blazer_armscrossed,D,VEi
p009+dualuse_gal_gadot_blue_dress_redcarpet,A,VEi
p009+dualuse_gal_gadot_blue_dress_redcarpet,B,V
p009+dualuse_gal_gadot_blue_dress_redcarpet,C,BCA4
p009+dualuse_gal_gadot_blue_dress_redcarpet,D,BC
p010+dualuse_hugh_jackman_grey_suit_outdoor,A,BC
p010+dualuse_hugh_jackman_grey_suit_outdoor,B,VEi
p010+dualuse_hugh_jackman_grey_suit_outdoor,C,V
p010+dualuse_hugh_jackman_grey_suit_outdoor,D,BCA4
p011+dualuse_man_black_suit_studio_nonceleb,A,BCA4
p011+dualuse_man_black_suit_studio_nonceleb,B,VEi
p011+dualuse_man_black_suit_studio_nonceleb,C,V
p011+dualuse_man_black_suit_studio_nonceleb,D,BC
p012+dualuse_queen_latifah_gown_stage,A,V
p012+dualuse_queen_latifah_gown_stage,B,VEi
p012+dualuse_queen_latifah_gown_stage,C,BC
p012+dualuse_queen_latifah_gown_stage,D,BCA4
p013+dualuse_scarlett_johansson_black_dress_backview_night,A,VEi
p013+dualuse_scarlett_johansson_black_dress_backview_night,B,BCA4
p013+dualuse_scarlett_johansson_black_dress_backview_night,C,BC
p013+dualuse_scarlett_johansson_black_dress_backview_night,D,V
p014+dualuse_woman_top_denim_skirt_nonceleb,A,BCA4
p014+dualuse_woman_top_denim_skirt_nonceleb,B,V
p014+dualuse_woman_top_denim_skirt_nonceleb,C,VEi
p014+dualuse_woman_top_denim_skirt_nonceleb,D,BC
p015+dualuse_zendaya_white_blazer_skirt,A,BCA4
p015+dualuse_zendaya_white_blazer_skirt,B,BC
p015+dualuse_zendaya_white_blazer_skirt,C,VEi
p015+dualuse_zendaya_white_blazer_skirt,D,V
p016+dualuse_lp_beige_long_coat_menswear,A,BC
p016+dualuse_lp_beige_long_coat_menswear,B,VEi
p016+dualuse_lp_beige_long_coat_menswear,C,V
p016+dualuse_lp_beige_long_coat_menswear,D,BCA4
p017+dualuse_lp_floral_kimono_set,A,BC
p017+dualuse_lp_floral_kimono_set,B,VEi
p017+dualuse_lp_floral_kimono_set,C,V
p017+dualuse_lp_floral_kimono_set,D,BCA4
p018+dualuse_lp_navy_quarterzip_knit_LOWRES,A,VEi
p018+dualuse_lp_navy_quarterzip_knit_LOWRES,B,BCA4
p018+dualuse_lp_navy_quarterzip_knit_LOWRES,C,BC
p018+dualuse_lp_navy_quarterzip_knit_LOWRES,D,V
p019+dualuse_lp_plaid_overcoat_brown_suit,A,BCA4
p019+dualuse_lp_plaid_overcoat_brown_suit,B,BC
p019+dualuse_lp_plaid_overcoat_brown_suit,C,VEi
p019+dualuse_lp_plaid_overcoat_brown_suit,D,V
p020+dualuse_navy_peacoat_onmodel,A,BCA4
p020+dualuse_navy_peacoat_onmodel,B,VEi
p020+dualuse_navy_peacoat_onmodel,C,BC
p020+dualuse_navy_peacoat_onmodel,D,V
p021+g004,A,V
p021+g004,B,BC
p021+g004,C,VEi
p021+g004,D,BCA4
p022+g005,A,V
p022+g005,B,VEi
p022+g005,C,BCA4
p022+g005,D,BC
p023+g009,A,BC
p023+g009,B,VEi
p023+g009,C,BCA4
p023+g009,D,V
p024+g011,A,BCA4
p024+g011,B,VEi
p024+g011,C,BC
p024+g011,D,V
p025+g012,A,BCA4
p025+g012,B,VEi
p025+g012,C,V
p025+g012,D,BC
p026+g013,A,V
p026+g013,B,BCA4
p026+g013,C,VEi
p026+g013,D,BC
p027+g014,A,V
p027+g014,B,BC
p027+g014,C,BCA4
p027+g014,D,VEi
p028+g015,A,BCA4
p028+g015,B,BC
p028+g015,C,V
p028+g015,D,VEi
p029+g018,A,BC
p029+g018,B,VEi
p029+g018,C,BCA4
p029+g018,D,V
p030+g024,A,BC
p030+g024,B,VEi
p030+g024,C,V
p030+g024,D,BCA4
dualuse_emma_watson_black_blazer_armscrossed+g027,A,BC
dualuse_emma_watson_black_blazer_armscrossed+g027,B,V
dualuse_emma_watson_black_blazer_armscrossed+g027,C,VEi
dualuse_emma_watson_black_blazer_armscrossed+g027,D,BCA4
dualuse_gal_gadot_blue_dress_redcarpet+g029,A,BCA4
dualuse_gal_gadot_blue_dress_redcarpet+g029,B,VEi
dualuse_gal_gadot_blue_dress_redcarpet+g029,C,V
dualuse_gal_gadot_blue_dress_redcarpet+g029,D,BC
