stem,kind,category,route,mask_area_frac,confidence,soft_edge_frac,runtime_s,crop_w,crop_h,src_w,src_h,reason_codes,failed,target,src_path
p001,duo_sweep,,duo_biref_multiclass,0.075,0.879,0.03931,1.9,226,632,682,1024,birefnet_cached;subject_frac=0.09;clothes_conf=0.88;head_frac=0.009;hair_frac=0.006;skin_frac=0.010;select_region=off;noface_frac=0.09;soft_frac=0.0393;svg_paths=1;bbox=226x632;runtime_s=1.9,False,,test_set/people/p001.jpg
p002,duo_sweep,,duo_biref_multiclass,0.1152,0.825,0.03693,0.4,277,779,682,1024,birefnet_cached;subject_frac=0.14;clothes_conf=0.83;head_frac=0.010;hair_frac=0.003;skin_frac=0.018;select_region=off;noface_frac=0.13;soft_frac=0.0369;svg_paths=1;bbox=277x779;runtime_s=0.4,False,,test_set/people/p002.jpg
p003,duo_sweep,,duo_biref_multiclass,0.1447,0.881,0.0311,0.7,316,766,706,1024,birefnet_cached;subject_frac=0.19;clothes_conf=0.88;head_frac=0.013;hair_frac=0.007;skin_frac=0.031;select_region=off;noface_frac=0.18;soft_frac=0.0311;svg_paths=1;bbox=316x766;runtime_s=0.7,False,,test_set/people/p003.jpg
p004,duo_sweep,,duo_biref_multiclass,0.0717,0.883,0.02927,0.4,262,453,1024,682,birefnet_cached;subject_frac=0.10;clothes_conf=0.88;head_frac=0.012;hair_frac=0.003;skin_frac=0.019;select_region=off;noface_frac=0.09;soft_frac=0.0293;svg_paths=1;bbox=262x453;runtime_s=0.4,False,,test_set/people/p004.jpg
p005,duo_sweep,,duo_biref_multiclass,0.145,0.579,0.02501,0.5,501,763,682,1024,birefnet_cached;subject_frac=0.18;clothes_conf=0.58;head_frac=0.010;hair_frac=0.005;skin_frac=0.021;select_region=off;noface_frac=0.17;soft_frac=0.0250;svg_paths=2;bbox=501x763;runtime_s=0.5,False,,test_set/people/p005.jpg
p006,duo_sweep,,duo_biref_multiclass,0.0757,0.761,0.0375,0.4,239,653,682,1024,birefnet_cached;subject_frac=0.09;clothes_conf=0.76;head_frac=0.003;hair_frac=0.000;skin_frac=0.010;select_region=off;noface_frac=0.09;soft_frac=0.0375;svg_paths=2;bbox=239x653;runtime_s=0.4,False,,test_set/people/p006.jpg
p007,duo_sweep,,duo_biref_multiclass,0.3362,0.888,0.01839,0.5,620,938,682,1024,birefnet_cached;subject_frac=0.48;clothes_conf=0.89;head_frac=0.057;hair_frac=0.020;skin_frac=0.087;select_region=off;noface_frac=0.42;soft_frac=0.0184;svg_paths=1;bbox=620x938;runtime_s=0.5,False,,test_set/people/p007.jpg
p008,duo_sweep,,duo_biref_multiclass,0.1909,0.688,0.0284,0.5,422,767,768,1024,birefnet_cached;subject_frac=0.23;clothes_conf=0.69;head_frac=0.013;hair_frac=0.003;skin_frac=0.027;select_region=off;noface_frac=0.22;soft_frac=0.0284;svg_paths=1;bbox=422x767;runtime_s=0.5,False,,test_set/people/p008.jpg
p009,duo_sweep,,duo_biref_multiclass,0.1813,0.883,0.02508,0.4,376,897,682,1024,birefnet_cached;subject_frac=0.26;clothes_conf=0.88;head_frac=0.030;hair_frac=0.017;skin_frac=0.045;select_region=off;noface_frac=0.23;soft_frac=0.0251;svg_paths=1;bbox=376x897;runtime_s=0.4,False,,test_set/people/p009.jpg
p010,duo_sweep,,duo_biref_multiclass,0.1179,0.818,0.03598,0.4,253,810,683,1024,birefnet_cached;subject_frac=0.13;clothes_conf=0.82;head_frac=0.009;hair_frac=0.003;skin_frac=0.002;select_region=off;noface_frac=0.12;soft_frac=0.0360;svg_paths=1;bbox=253x810;runtime_s=0.4,False,,test_set/people/p010.jpg
p011,duo_sweep,,duo_biref_multiclass,0.334,0.82,0.03189,0.5,530,922,683,1024,birefnet_cached;subject_frac=0.40;clothes_conf=0.82;head_frac=0.027;hair_frac=0.000;skin_frac=0.042;select_region=off;noface_frac=0.38;soft_frac=0.0319;svg_paths=2;bbox=530x922;runtime_s=0.5,False,,test_set/people/p011.jpg
p012,duo_sweep,,duo_biref_multiclass,0.1224,0.832,0.0289,0.4,316,846,682,1024,birefnet_cached;subject_frac=0.16;clothes_conf=0.83;head_frac=0.026;hair_frac=0.021;skin_frac=0.008;select_region=off;noface_frac=0.13;soft_frac=0.0289;svg_paths=2;bbox=316x846;runtime_s=0.4,False,,test_set/people/p012.jpg
p013,duo_sweep,,duo_biref_multiclass,0.21,0.7,0.04973,0.4,491,660,1024,683,birefnet_cached;subject_frac=0.26;clothes_conf=0.70;head_frac=0.018;hair_frac=0.002;skin_frac=0.031;select_region=off;noface_frac=0.24;soft_frac=0.0497;svg_paths=1;bbox=491x660;runtime_s=0.4,False,,test_set/people/p013.jpg
p014,duo_sweep,,duo_biref_multiclass,0.2893,0.9,0.01731,0.5,586,996,682,1024,birefnet_cached;subject_frac=0.47;clothes_conf=0.90;head_frac=0.068;hair_frac=0.027;skin_frac=0.111;select_region=off;noface_frac=0.40;soft_frac=0.0173;svg_paths=1;bbox=586x996;runtime_s=0.5,False,,test_set/people/p014.jpg
p015,duo_sweep,,duo_biref_multiclass,0.4974,0.813,0.02652,0.6,643,1024,683,1024,birefnet_cached;subject_frac=0.64;clothes_conf=0.81;head_frac=0.073;hair_frac=0.001;skin_frac=0.073;select_region=off;noface_frac=0.57;soft_frac=0.0265;svg_paths=2;bbox=643x1024;runtime_s=0.6,False,,test_set/people/p015.jpg
p016,duo_sweep,,duo_biref_multiclass,0.0143,0.564,0.04107,0.4,195,424,682,1024,birefnet_cached;subject_frac=0.03;clothes_conf=0.56;head_frac=0.003;hair_frac=0.003;skin_frac=0.013;select_region=off;noface_frac=0.03;soft_frac=0.0411;svg_paths=3;bbox=195x424;runtime_s=0.4,True,,test_set/people/p016.jpg
p017,duo_sweep,,duo_biref_multiclass,0.2772,0.897,0.01907,0.5,403,958,682,1024,birefnet_cached;subject_frac=0.34;clothes_conf=0.90;head_frac=0.032;hair_frac=0.007;skin_frac=0.034;select_region=off;noface_frac=0.31;soft_frac=0.0191;svg_paths=1;bbox=403x958;runtime_s=0.5,False,,test_set/people/p017.jpg
p018,duo_sweep,,duo_biref_multiclass,0.2123,0.785,0.03251,0.4,315,857,682,1024,birefnet_cached;subject_frac=0.24;clothes_conf=0.79;head_frac=0.017;hair_frac=0.007;skin_frac=0.007;select_region=off;noface_frac=0.22;soft_frac=0.0325;svg_paths=2;bbox=315x857;runtime_s=0.4,False,,test_set/people/p018.jpg
p019,duo_sweep,,duo_biref_multiclass,0.2093,0.901,0.01619,0.4,481,683,1024,683,birefnet_cached;subject_frac=0.26;clothes_conf=0.90;head_frac=0.056;hair_frac=0.034;skin_frac=0.000;select_region=off;noface_frac=0.21;soft_frac=0.0162;svg_paths=1;bbox=481x683;runtime_s=0.4,False,,test_set/people/p019.jpg
p020,duo_sweep,,duo_biref_multiclass,0.2074,0.815,0.04319,0.5,381,798,819,1024,birefnet_cached;subject_frac=0.23;clothes_conf=0.81;head_frac=0.026;hair_frac=0.011;skin_frac=0.006;select_region=off;noface_frac=0.21;soft_frac=0.0432;svg_paths=2;bbox=381x798;runtime_s=0.5,False,,test_set/people/p020.jpg
p021,duo_sweep,,duo_biref_multiclass,0.1438,0.633,0.04643,0.5,506,757,684,1024,birefnet_cached;subject_frac=0.21;clothes_conf=0.63;head_frac=0.046;hair_frac=0.038;skin_frac=0.014;select_region=off;noface_frac=0.16;soft_frac=0.0464;svg_paths=1;bbox=506x757;runtime_s=0.5,False,,test_set/people/p021.jpg
p022,duo_sweep,,duo_biref_multiclass,0.0851,0.553,0.02343,0.4,551,405,682,1024,birefnet_cached;subject_frac=0.11;clothes_conf=0.55;head_frac=0.009;hair_frac=0.004;skin_frac=0.017;select_region=off;noface_frac=0.10;soft_frac=0.0234;svg_paths=1;bbox=551x405;runtime_s=0.4,False,,test_set/people/p022.jpg
p023,duo_sweep,,duo_biref_multiclass,0.1836,0.254,0.02823,0.5,554,892,682,1024,birefnet_cached;subject_frac=0.39;clothes_conf=0.25;head_frac=0.075;hair_frac=0.064;skin_frac=0.128;select_region=off;noface_frac=0.31;soft_frac=0.0282;svg_paths=2;bbox=554x892;runtime_s=0.5,False,,test_set/people/p023.jpg
p024,duo_sweep,,duo_biref_multiclass,0.2884,0.793,0.02955,0.5,569,801,682,1024,birefnet_cached;subject_frac=0.37;clothes_conf=0.79;head_frac=0.033;hair_frac=0.002;skin_frac=0.043;select_region=off;noface_frac=0.33;soft_frac=0.0295;svg_paths=1;bbox=569x801;runtime_s=0.5,False,,test_set/people/p024.jpg
p025,duo_sweep,,duo_biref_multiclass,0.0941,0.678,0.02948,0.5,344,728,731,1024,birefnet_cached;subject_frac=0.10;clothes_conf=0.68;head_frac=0.006;hair_frac=0.003;skin_frac=0.000;select_region=off;noface_frac=0.09;soft_frac=0.0295;svg_paths=1;bbox=344x728;runtime_s=0.5,False,,test_set/people/p025.jpg
p026,duo_sweep,,duo_biref_multiclass,0.1331,0.587,0.02959,0.5,536,842,682,1024,birefnet_cached;subject_frac=0.16;clothes_conf=0.59;head_frac=0.011;hair_frac=0.008;skin_frac=0.013;select_region=off;noface_frac=0.15;soft_frac=0.0296;svg_paths=2;bbox=536x842;runtime_s=0.5,False,,test_set/people/p026.jpg
p027,duo_sweep,,duo_biref_multiclass,0.1954,0.829,0.02805,0.7,532,789,1024,1024,birefnet_cached;subject_frac=0.25;clothes_conf=0.83;head_frac=0.011;hair_frac=0.003;skin_frac=0.040;select_region=off;noface_frac=0.24;soft_frac=0.0281;svg_paths=2;bbox=532x789;runtime_s=0.7,False,,test_set/people/p027.jpg
p028,duo_sweep,,duo_biref_multiclass,0.1812,0.857,0.03577,0.4,443,683,1024,683,birefnet_cached;subject_frac=0.23;clothes_conf=0.86;head_frac=0.036;hair_frac=0.027;skin_frac=0.013;select_region=off;noface_frac=0.20;soft_frac=0.0358;svg_paths=1;bbox=443x683;runtime_s=0.4,False,,test_set/people/p028.jpg
p029,duo_sweep,,duo_biref_multiclass,0.1927,0.787,0.02532,0.5,587,656,1024,683,birefnet_cached;subject_frac=0.29;clothes_conf=0.79;head_frac=0.035;hair_frac=0.015;skin_frac=0.065;select_region=off;noface_frac=0.26;soft_frac=0.0253;svg_paths=2;bbox=587x656;runtime_s=0.5,False,,test_set/people/p029.jpg
p030,duo_sweep,,duo_biref_multiclass,0.229,0.881,0.03002,0.4,466,847,682,1024,birefnet_cached;subject_frac=0.31;clothes_conf=0.88;head_frac=0.064;hair_frac=0.032;skin_frac=0.018;select_region=off;noface_frac=0.25;soft_frac=0.0300;svg_paths=1;bbox=466x847;runtime_s=0.4,False,,test_set/people/p030.jpg
clothesonly_ts1g001_graphic_logo_tee,duo_sweep,,duo_biref_multiclass,0.333,0.087,0.01129,0.5,718,615,768,1024,birefnet_cached;subject_frac=0.33;clothes_conf=0.09;head_frac=0.000;hair_frac=0.000;skin_frac=0.000;select_region=off;noface_frac=0.33;soft_frac=0.0113;svg_paths=1;bbox=718x615;runtime_s=0.5,False,,v2/runs/ts2/inputs/clothesonly_ts1g001_graphic_logo_tee.jpg
clothesonly_ts1g008_plaid_flannel,duo_sweep,,duo_biref_multiclass,0.2887,0.902,0.01405,0.5,581,568,768,1024,birefnet_cached;subject_frac=0.29;clothes_conf=0.90;head_frac=0.000;hair_frac=0.000;skin_frac=0.000;select_region=off;noface_frac=0.29;soft_frac=0.0141;svg_paths=1;bbox=581x568;runtime_s=0.5,False,,v2/runs/ts2/inputs/clothesonly_ts1g008_plaid_flannel.jpg
clothesonly_ts1g010_plain_tee_ghost,duo_sweep,,duo_biref_multiclass,0.6248,0.907,0.0074,0.6,842,1024,853,1024,birefnet_cached;subject_frac=0.62;clothes_conf=0.91;head_frac=0.000;hair_frac=0.000;skin_frac=0.000;select_region=off;noface_frac=0.62;soft_frac=0.0074;svg_paths=1;bbox=842x1024;runtime_s=0.6,False,,v2/runs/ts2/inputs/clothesonly_ts1g010_plain_tee_ghost.jpg
clothesonly_ts1g023_plaid_mini_skirt_flat,duo_sweep,,duo_biref_multiclass,0.2405,0.017,0.01911,0.5,574,481,768,1024,birefnet_cached;subject_frac=0.24;clothes_conf=0.02;head_frac=0.000;hair_frac=0.000;skin_frac=0.000;select_region=off;noface_frac=0.24;soft_frac=0.0191;svg_paths=1;bbox=574x481;runtime_s=0.5,False,,v2/runs/ts2/inputs/clothesonly_ts1g023_plaid_mini_skirt_flat.jpg
clothesonly_ts1g026_metallica_text_tee_flat,duo_sweep,,duo_biref_multiclass,0.6352,0.722,0.00699,0.7,1009,1024,1009,1024,birefnet_cached;subject_frac=0.64;clothes_conf=0.72;head_frac=0.000;hair_frac=0.000;skin_frac=0.000;select_region=off;noface_frac=0.64;soft_frac=0.0070;svg_paths=1;bbox=1009x1024;runtime_s=0.7,False,,v2/runs/ts2/inputs/clothesonly_ts1g026_metallica_text_tee_flat.jpg
clothesonly_ts1g028_fine_stripe_shirt_ghost,duo_sweep,,duo_biref_multiclass,0.3436,0.902,0.02026,0.5,534,762,819,1024,birefnet_cached;subject_frac=0.34;clothes_conf=0.90;head_frac=0.000;hair_frac=0.000;skin_frac=0.000;select_region=off;noface_frac=0.34;soft_frac=0.0203;svg_paths=1;bbox=534x762;runtime_s=0.5,False,,v2/runs/ts2/inputs/clothesonly_ts1g028_fine_stripe_shirt_ghost.jpg
dualuse_emma_watson_black_blazer_armscrossed,duo_sweep,,duo_biref_multiclass,0.1725,0.896,0.01684,1.0,659,1043,1536,1060,birefnet_cached;subject_frac=0.24;clothes_conf=0.90;head_frac=0.041;hair_frac=0.018;skin_frac=0.024;select_region=off;noface_frac=0.20;soft_frac=0.0168;svg_paths=1;bbox=659x1043;runtime_s=1.0,False,,v2/runs/ts2/inputs/dualuse_emma_watson_black_blazer_armscrossed.jpg
dualuse_gal_gadot_blue_dress_redcarpet,duo_sweep,,duo_biref_multiclass,0.1305,0.878,0.02761,0.7,452,1446,807,1536,birefnet_cached;subject_frac=0.25;clothes_conf=0.88;head_frac=0.028;hair_frac=0.021;skin_frac=0.093;select_region=off;noface_frac=0.23;soft_frac=0.0276;svg_paths=2;bbox=452x1446;runtime_s=0.7,False,,v2/runs/ts2/inputs/dualuse_gal_gadot_blue_dress_redcarpet.jpg
dualuse_hugh_jackman_grey_suit_outdoor,duo_sweep,,duo_biref_multiclass,0.2257,0.873,0.01832,0.9,566,1477,1000,1500,birefnet_cached;subject_frac=0.25;clothes_conf=0.87;head_frac=0.014;hair_frac=0.005;skin_frac=0.010;select_region=off;noface_frac=0.24;soft_frac=0.0183;svg_paths=1;bbox=566x1477;runtime_s=0.9,False,,v2/runs/ts2/inputs/dualuse_hugh_jackman_grey_suit_outdoor.jpg
dualuse_lp_beige_long_coat_menswear,duo_sweep,,duo_biref_multiclass,0.2324,0.831,0.01318,1.0,572,1532,1024,1536,birefnet_cached;subject_frac=0.25;clothes_conf=0.83;head_frac=0.011;hair_frac=0.003;skin_frac=0.001;select_region=off;noface_frac=0.23;soft_frac=0.0132;svg_paths=1;bbox=572x1532;runtime_s=1.0,False,,v2/runs/ts2/inputs/dualuse_lp_beige_long_coat_menswear.jpg
dualuse_lp_floral_kimono_set,duo_sweep,,duo_biref_multiclass,0.3176,0.86,0.01685,1.2,893,1508,1229,1536,birefnet_cached;subject_frac=0.33;clothes_conf=0.86;head_frac=0.007;hair_frac=0.001;skin_frac=0.001;select_region=off;noface_frac=0.32;soft_frac=0.0168;svg_paths=2;bbox=893x1508;runtime_s=1.2,False,,v2/runs/ts2/inputs/dualuse_lp_floral_kimono_set.jpg
dualuse_lp_plaid_overcoat_brown_suit,duo_sweep,,duo_biref_multiclass,0.2492,0.852,0.01853,1.0,725,1470,1200,1500,birefnet_cached;subject_frac=0.25;clothes_conf=0.85;head_frac=0.005;hair_frac=0.001;skin_frac=0.000;select_region=off;noface_frac=0.25;soft_frac=0.0185;svg_paths=2;bbox=725x1470;runtime_s=1.0,False,,v2/runs/ts2/inputs/dualuse_lp_plaid_overcoat_brown_suit.jpg
dualuse_man_black_suit_studio_nonceleb,duo_sweep,,duo_biref_multiclass,0.1583,0.826,0.01544,0.8,475,1347,1024,1536,birefnet_cached;subject_frac=0.18;clothes_conf=0.83;head_frac=0.013;hair_frac=0.003;skin_frac=0.007;select_region=off;noface_frac=0.17;soft_frac=0.0154;svg_paths=1;bbox=475x1347;runtime_s=0.8,False,,v2/runs/ts2/inputs/dualuse_man_black_suit_studio_nonceleb.jpg
dualuse_navy_peacoat_onmodel,duo_sweep,,duo_biref_multiclass,0.1449,0.836,0.02412,0.6,356,1080,1080,1080,birefnet_cached;subject_frac=0.16;clothes_conf=0.84;head_frac=0.009;hair_frac=0.002;skin_frac=0.004;select_region=off;noface_frac=0.15;soft_frac=0.0241;svg_paths=1;bbox=356x1080;runtime_s=0.6,False,,v2/runs/ts2/inputs/dualuse_navy_peacoat_onmodel.jpg
dualuse_queen_latifah_gown_stage,duo_sweep,,duo_biref_multiclass,0.3011,0.833,0.02259,1.0,794,1360,1024,1536,birefnet_cached;subject_frac=0.36;clothes_conf=0.83;head_frac=0.037;hair_frac=0.021;skin_frac=0.024;select_region=off;noface_frac=0.33;soft_frac=0.0226;svg_paths=1;bbox=794x1360;runtime_s=1.0,False,,v2/runs/ts2/inputs/dualuse_queen_latifah_gown_stage.jpg
dualuse_scarlett_johansson_black_dress_backview_night,duo_sweep,,duo_biref_multiclass,0.1039,0.811,0.03755,0.7,417,1330,980,1470,birefnet_cached;subject_frac=0.18;clothes_conf=0.81;head_frac=0.026;hair_frac=0.016;skin_frac=0.048;select_region=off;noface_frac=0.15;soft_frac=0.0376;svg_paths=3;bbox=417x1330;runtime_s=0.7,False,,v2/runs/ts2/inputs/dualuse_scarlett_johansson_black_dress_backview_night.jpg
dualuse_woman_top_denim_skirt_nonceleb,duo_sweep,,duo_biref_multiclass,0.0578,0.752,0.02394,0.8,470,1177,1024,1536,birefnet_cached;subject_frac=0.14;clothes_conf=0.75;head_frac=0.029;hair_frac=0.022;skin_frac=0.050;select_region=off;noface_frac=0.11;soft_frac=0.0239;svg_paths=5;bbox=470x1177;runtime_s=0.8,False,,v2/runs/ts2/inputs/dualuse_woman_top_denim_skirt_nonceleb.jpg
dualuse_zendaya_white_blazer_skirt,duo_sweep,,duo_biref_multiclass,0.1224,0.874,0.01972,0.8,434,1389,1024,1536,birefnet_cached;subject_frac=0.16;clothes_conf=0.87;head_frac=0.028;hair_frac=0.022;skin_frac=0.012;select_region=off;noface_frac=0.13;soft_frac=0.0197;svg_paths=1;bbox=434x1389;runtime_s=0.8,False,,v2/runs/ts2/inputs/dualuse_zendaya_white_blazer_skirt.jpg
