stage,arm,pair_idx,pair,garment_sim,identity_cos,pose_err,bg_psnr
triage,fashn_v16,0,p001xg015,0.0750182853623744,0.9471336603164673,0.026105029441493646,21.384043711940343
triage,fashn_v16,1,p005xg023,0.4321436712509785,0.9777197241783142,0.026453225298249696,30.808122354777513
triage,fashn_v16,2,p006xg006,0.1647988547014443,0.9656710624694824,0.02198079120646317,33.95062217055536
triage,fashn_v16,3,p003xg011,0.05368510954359759,0.995092511177063,0.022815584580171525,29.439106275415373
triage,flux_vto_v1,0,p001xg015,0.0654464920412728,0.6269353628158569,0.0381923561979791,23.299298866511194
triage,flux_vto_v1,1,p005xg023,0.16509857647769755,0.8698612451553345,0.02781292095255164,29.703166001458253
triage,flux_vto_v1,2,p006xg006,0.09527856396806694,0.7859290838241577,0.024714563807411504,29.239585337238267
triage,flux_vto_v1,3,p003xg011,0.04341968911179678,0.9051398038864136,0.025541163556755325,30.161684980713336
triage,klein_4b_edit,0,p001xg015,0.012779272401680334,0.7252166271209717,0.029776309911387088,22.624374436924917
triage,klein_4b_edit,1,p005xg023,-0.0035737286748193024,,,1.7757312739177928
triage,klein_4b_edit,2,p006xg006,0.12634866166085879,0.8174154162406921,0.02070844403362332,25.958912263942505
triage,klein_4b_edit,3,p003xg011,0.1253569143098067,0.9458292722702026,0.026582993623122133,28.56629803011307
triage,klein_tryon_lora,0,p001xg015,0.01711800316963632,0.5662906169891357,0.04535662152308235,22.900681549944473
triage,klein_tryon_lora,1,p005xg023,0.11610040647396322,0.8479417562484741,0.0753966954124831,17.881474369843097
triage,klein_tryon_lora,2,p006xg006,0.09648951094884683,0.8743945360183716,0.07036453325528785,16.369399456434756
triage,klein_tryon_lora,3,p003xg011,0.40689692913860176,-0.05466505512595177,0.4630544742040402,11.860578203598083
triage,qwen_2511,0,p001xg015,0.06888556634924685,0.8154104948043823,0.11398162874880742,18.467973411990076
triage,qwen_2511,1,p005xg023,0.17829651006018415,0.9361663460731506,0.18362422160699476,12.395961033109025
triage,qwen_2511,2,p006xg006,0.12859971497823855,0.8071225881576538,0.12531837343452962,15.456694100779153
triage,qwen_2511,3,p003xg011,0.21877324384067404,0.8437261581420898,0.08813439967604418,17.942422582415713
triage,qwen_image3_edit,0,p001xg015,0.060319739586619465,0.6688024401664734,0.6711791415138868,14.620697554865231
triage,qwen_image3_edit,1,p005xg023,0.3292059399282721,0.9070542454719543,0.10958642295191053,17.298685450799574
triage,qwen_image3_edit,2,p006xg006,0.11571324536346506,0.7114174365997314,0.05344606041583637,18.24637547488004
triage,qwen_image3_edit,3,p003xg011,0.08439811453652268,0.9041918516159058,0.10699137673626964,17.93528470875567
triage,seedream5_lite,0,p001xg015,0.08120771242163281,0.2873884439468384,0.07456907399697657,18.793229447225656
triage,seedream5_lite,1,p005xg023,0.6054236736149837,0.5999637842178345,0.029188175063659047,25.012849621882257
triage,seedream5_lite,2,p006xg006,0.21468333860893926,0.17677617073059082,0.07847846611542285,19.07462432733665
triage,seedream5_lite,3,p003xg011,0.08801905614539342,0.5741506814956665,0.025683743009156927,25.846879622026215
grid,fashn_v16,0,p001xg015,0.07620962249918993,0.947796642780304,0.03185423912190441,24.465375694748545
grid,fashn_v16,0,p001xg015,0.07636595104406672,0.9465030431747437,0.03165971515985795,23.30240358303994
grid,fashn_v16,1,p002xg022,-0.0047726098882099445,0.9797838926315308,0.012759310175006085,30.472521671164053
grid,fashn_v16,1,p002xg022,-0.005744614751440834,0.9786285758018494,0.009372111559924578,30.637726646665197
grid,fashn_v16,2,p005xg023,0.3919208280054923,0.9759992957115173,0.02475644858710373,32.17751183293566
grid,fashn_v16,2,p005xg023,0.39815281282748327,0.977723240852356,0.021813662282248042,31.02627879712167
grid,fashn_v16,3,p006xg006,0.0632855815534878,0.9621307253837585,0.02048898044706673,32.84397080035737
grid,fashn_v16,3,p006xg006,0.10491025055357724,0.9623309373855591,0.016419893294882783,33.62861798948642
grid,fashn_v16,4,p007xg019,-0.010440678239233598,0.9889057278633118,0.019178497522474965,21.809690121444305
grid,fashn_v16,4,p007xg019,-0.016177369429027366,0.9887645244598389,0.016553394363855434,23.418576974338503
grid,fashn_v16,5,p008xg024,0.16249101719740378,0.9871077537536621,0.02344637043523871,28.146687503291986
grid,fashn_v16,5,p008xg024,0.10784289758861412,0.986677348613739,0.03075502990195824,30.457255962197408
grid,fashn_v16,6,p013xg004,0.14336312285325167,0.9829196929931641,0.07947397219186653,20.13102737145082
grid,fashn_v16,6,p013xg004,0.10558966448236168,0.9879481792449951,0.07904046385172529,19.20122778983346
grid,fashn_v16,7,p003xg011,0.04858752196182797,0.9900033473968506,0.028098189037669873,29.41369605017002
grid,fashn_v16,7,p003xg011,0.06730371784664246,0.989381730556488,0.026535010146153608,29.118978802311965
grid,fashn_v16,8,p009xg002,0.008534366989794212,0.9921441674232483,0.038666628035707314,33.40895362683725
grid,fashn_v16,8,p009xg002,0.018388507018358,0.9917162656784058,0.041817139842098734,30.499029384146247
grid,fashn_v16,9,p010xg001,0.6133431654557396,0.9779654741287231,0.025155339069536292,29.563198041586002
grid,fashn_v16,9,p010xg001,0.005986260416796899,0.9764276742935181,0.02027698000759416,30.614986098835214
grid,fashn_v16,10,p011xg028,0.17229052773807546,0.9928550720214844,0.03776908437239457,32.687392420214536
grid,fashn_v16,10,p011xg028,0.21288582102217427,0.9799212217330933,0.03468238084151698,32.71592022190892
grid,fashn_v16,11,p012xg007,0.3115744286968923,0.9928834438323975,0.033871947303519785,28.305108992528925
grid,fashn_v16,11,p012xg007,-0.004915397827426224,0.9931474924087524,0.1022493865543143,25.749916979431685
grid,flux_vto_v1,0,p001xg015,0.06803961598514587,0.6267799139022827,0.043394414907977345,23.06742807716272
grid,flux_vto_v1,0,p001xg015,0.059871846824347826,0.610660195350647,0.03729844228561543,22.99600624743149
grid,flux_vto_v1,1,p002xg022,-0.0054049055112643215,0.8730698823928833,0.01187862377481074,30.33837655085758
grid,flux_vto_v1,1,p002xg022,-0.006054349785657757,0.8589956164360046,0.015674264856580307,31.031793807865956
grid,flux_vto_v1,2,p005xg023,0.17754686126085584,0.8784472942352295,0.021301652957833116,29.588800206423027
grid,flux_vto_v1,2,p005xg023,0.17053510848043477,0.8926746845245361,0.01721110864472099,30.843564888371823
grid,flux_vto_v1,3,p006xg006,0.14494793274465495,0.7972726821899414,0.017284439994292605,29.205821592079356
grid,flux_vto_v1,3,p006xg006,0.08114267587765474,0.7427606582641602,0.021881295224666985,29.45829363208758
grid,flux_vto_v1,4,p007xg019,-0.012140073794400092,0.9667675495147705,0.026464735186073087,23.31768744312609
grid,flux_vto_v1,4,p007xg019,-0.012846063455010038,0.9678701162338257,0.018275713036984453,22.823403630410276
grid,flux_vto_v1,5,p008xg024,0.15452371148853034,0.9260803461074829,0.016956022123478808,28.64131912459772
grid,flux_vto_v1,5,p008xg024,0.17836931119471863,0.9327501654624939,0.021816838566643924,32.148547561169515
grid,flux_vto_v1,6,p013xg004,0.3770333087500429,0.8760769367218018,0.03830664398973619,23.228444404925117
grid,flux_vto_v1,6,p013xg004,0.3364387020979015,0.9076235294342041,0.043460179842710146,35.044024936946435
grid,flux_vto_v1,7,p003xg011,0.02955355394084171,0.8932900428771973,0.020584639491949483,29.169070272969293
grid,flux_vto_v1,7,p003xg011,0.06242008759872588,0.9193528890609741,0.02199088101156232,29.380815038776813
grid,flux_vto_v1,8,p009xg002,0.10696280436843764,0.9499521255493164,0.03153266389952048,28.145051751292467
grid,flux_vto_v1,8,p009xg002,0.015318213328598809,0.9442983865737915,0.03802070080130064,29.39726827769767
grid,flux_vto_v1,9,p010xg001,0.216368848577109,0.8584843873977661,0.02186368605270122,29.57126152324355
grid,flux_vto_v1,9,p010xg001,0.22494929334009212,0.844038724899292,0.018176199582315023,29.478365753579897
grid,flux_vto_v1,10,p011xg028,0.2179071587422308,0.9513285756111145,0.01684436411809688,33.14902523662206
grid,flux_vto_v1,10,p011xg028,0.23456731709357856,0.9590694308280945,0.029709110111095553,29.387894900522976
grid,flux_vto_v1,11,p012xg007,0.04848286141924346,0.8719261884689331,0.02139816240661856,28.4870768582663
grid,flux_vto_v1,11,p012xg007,0.06921790213435872,0.8726266026496887,0.020137544692496928,29.164720882792672
grid,klein_4b_edit,0,p001xg015,0.03296895075973702,0.7870778441429138,0.03675158574480787,22.360345883918132
grid,klein_4b_edit,1,p002xg022,0.02575689584433535,0.9386642575263977,0.018414851192137507,28.90029997086433
grid,klein_4b_edit,2,p005xg023,0.23411369319002284,0.883093535900116,0.026829290979218455,25.771032661026837
grid,klein_4b_edit,3,p006xg006,0.15284895450188213,0.8338743448257446,0.012713467850247906,26.62796475914781
grid,klein_4b_edit,4,p007xg019,0.02111709976111481,0.9624232053756714,0.019304115424110518,22.896787953659707
grid,klein_4b_edit,5,p008xg024,0.111868950008911,0.954882025718689,0.026599392365244046,23.371852749886337
grid,klein_4b_edit,6,p013xg004,0.05012345014155978,0.9002602696418762,0.05364578594597679,19.799071684164442
grid,klein_4b_edit,7,p003xg011,0.11743938663292727,0.9332348704338074,0.023396449142695248,27.445703642386103
grid,klein_4b_edit,8,p009xg002,0.11978753725681845,0.9229986667633057,0.03664181278142545,26.455424503158532
grid,klein_4b_edit,9,p010xg001,0.15372281590692655,0.8947649002075195,0.01917796808744702,26.439008001378212
grid,klein_4b_edit,10,p011xg028,0.15649521213482884,0.9617471694946289,0.04429051967041915,29.66388984420355
grid,klein_4b_edit,11,p012xg007,0.07789677567231965,0.9181629419326782,0.02874789093596293,26.068386472528342
grid,magic_hour_api,0,p001xg015,0.05857270467546885,0.4780260920524597,0.028459227525071573,21.43177396017436
grid,magic_hour_api,1,p002xg022,-0.004533833254295459,0.608787477016449,0.012795056909558447,29.526886359187394
grid,magic_hour_api,2,p005xg023,0.4707925628657555,0.6210888624191284,0.023628955809120118,23.54365428860231
grid,magic_hour_api,3,p006xg006,0.13400518399315822,0.1822744905948639,0.013855144923876458,26.021826392649395
grid,magic_hour_api,4,p007xg019,-0.01048368029514415,0.9292405843734741,0.020199928117382766,26.59525550287773
grid,magic_hour_api,5,p008xg024,0.017218447356085083,0.6608922481536865,0.028653441011543167,24.93085256269231
grid,magic_hour_api,6,p013xg004,0.09010364289763141,0.8457654714584351,0.07752095503287432,18.11177236313797
grid,magic_hour_api,7,p003xg011,0.06736545495517138,0.7036391496658325,0.021084713683107853,27.251583163893343
grid,magic_hour_api,8,p009xg002,0.12410306304964354,0.8200408220291138,0.0413459812929089,30.109082615566987
grid,magic_hour_api,9,p010xg001,0.7336745850843603,0.4581111669540405,0.01980751827232559,26.22061737908826
grid,magic_hour_api,10,p011xg028,0.02064953638124253,0.9174035787582397,0.02243701134645016,31.23472913690197
grid,magic_hour_api,11,p012xg007,0.0397765380213783,0.5431670546531677,0.10352379509671947,25.781276888902973
grid,qwen_2511,0,p001xg015,0.07347648230759042,0.8025467991828918,0.14594599283439832,18.180145552741596
grid,qwen_2511,1,p002xg022,-0.00854657382143717,0.896240234375,0.1464607020964185,14.341232741906598
grid,qwen_2511,2,p005xg023,0.09316899387097971,0.899118185043335,0.17005776055939814,12.293435458965975
grid,qwen_2511,3,p006xg006,0.0683502513772278,0.8077377080917358,0.14188477991345413,15.242998589934293
grid,qwen_2511,4,p007xg019,-0.014317007835301378,0.9698692560195923,0.052161196969988,15.93652600235271
grid,qwen_2511,5,p008xg024,0.012559002571545054,0.03896818310022354,0.7497888111954557,13.85447065122447
grid,qwen_2511,6,p013xg004,0.05059293545511821,0.7818607091903687,0.28456810667127647,12.48735440536625
grid,qwen_2511,7,p003xg011,0.25186028379879344,0.8656124472618103,0.07733954454187361,18.850419600904445
grid,qwen_2511,8,p009xg002,0.01501287594011418,0.9766770601272583,0.11831352137769192,13.840333025044664
grid,qwen_2511,9,p010xg001,0.8117785401426444,0.841376781463623,0.12255679928677277,15.212063950083223
grid,qwen_2511,10,p011xg028,0.19393575802978869,0.9793438911437988,0.0758554976479664,15.849107325645178
grid,qwen_2511,11,p012xg007,0.011549434118329809,0.9090149998664856,0.17620226917959364,14.019537751891445
grid,seedream5_lite,0,p001xg015,0.09151328892005738,0.3646768629550934,0.0628419533116584,20.47306408810107
grid,seedream5_lite,0,p001xg015,0.15559981117202806,0.41867953538894653,0.08130714162268657,19.264291215672657
grid,seedream5_lite,1,p002xg022,0.0004041833493516798,0.7532751560211182,0.02913036029404096,21.887131418551302
grid,seedream5_lite,1,p002xg022,0.009822799742492812,0.8091241717338562,0.028461333506102394,24.969556053557174
grid,seedream5_lite,2,p005xg023,0.5481642681910727,0.6336950063705444,0.03167434658622362,25.99167474868953
grid,seedream5_lite,2,p005xg023,0.5763777885277553,0.706866979598999,0.026592244333618016,24.59452160873386
grid,seedream5_lite,3,p006xg006,0.1498699589622981,0.3756076395511627,0.04811732925679143,20.216101452031502
grid,seedream5_lite,3,p006xg006,0.18566572220913574,0.34814804792404175,0.052149626397727716,19.658428888525055
grid,seedream5_lite,4,p007xg019,-0.008154517794636626,0.8573517203330994,0.038954766693064184,16.157688281672915
grid,seedream5_lite,4,p007xg019,-0.01037820758327872,0.8563300371170044,0.06490217583117207,16.271499808765697
grid,seedream5_lite,5,p008xg024,0.14217085214572003,0.5808252096176147,0.17669928404468702,17.84292880443704
grid,seedream5_lite,5,p008xg024,0.11931783340443662,0.7796112298965454,0.03229655862882257,18.69168673253708
grid,seedream5_lite,6,p013xg004,0.25223623148845264,0.81836998462677,0.1594211179977878,21.686324784297714
grid,seedream5_lite,6,p013xg004,0.33467270779793734,0.8489946126937866,0.15502258196424676,18.672765891428938
grid,seedream5_lite,7,p003xg011,0.057940656642648934,0.721377432346344,0.04039318818473448,25.73146039816047
grid,seedream5_lite,7,p003xg011,0.0571342777766702,0.5222185850143433,0.04135947014076729,23.577814840381386
grid,seedream5_lite,8,p009xg002,0.025623163158311237,0.836388111114502,0.18187110138757376,13.015887094269837
grid,seedream5_lite,8,p009xg002,0.029843472797537074,0.8077647686004639,0.14302218733385175,14.102240072143552
grid,seedream5_lite,9,p010xg001,0.539020996576181,0.6767218112945557,0.025164198266665543,22.063346068921
grid,seedream5_lite,9,p010xg001,0.476688053252927,0.6243089437484741,0.027846342728605623,20.60501811302778
grid,seedream5_lite,10,p011xg028,0.27865577093209265,0.869042158126831,0.045206228210319735,23.007320639778076
grid,seedream5_lite,10,p011xg028,0.24351497245986234,0.8225053548812866,0.048539448224881,21.03716780260384
grid,seedream5_lite,11,p012xg007,0.3831507568301436,0.7032317519187927,0.036547323091506725,22.942612171702308
grid,seedream5_lite,11,p012xg007,0.1676955972504457,0.7276712656021118,0.03303161946228925,24.18292969614398
grid,seedream_qwen_refine,0,p001xg015,0.05277658856995096,0.3514120578765869,0.055192212805929,20.397857029945428
grid,seedream_qwen_refine,1,p002xg022,0.0008105088641960592,0.7548735737800598,0.0294089383771321,21.931648836396874
grid,seedream_qwen_refine,2,p005xg023,0.5287851228495135,0.5760977864265442,0.022909761628950975,24.817568922488
grid,seedream_qwen_refine,3,p006xg006,0.16093151352220988,0.3590187430381775,0.049717895074051784,20.435519935169552
grid,seedream_qwen_refine,4,p007xg019,-0.007485332372536096,0.8272479176521301,0.030551309499787068,16.315840399915214
grid,seedream_qwen_refine,5,p008xg024,0.04110282464467686,0.5584084987640381,0.18389812335749736,18.051404714500734
grid,seedream_qwen_refine,6,p013xg004,0.2919697468129152,0.7365047931671143,0.1528117137942982,21.479911810292872
grid,seedream_qwen_refine,7,p003xg011,0.045827532073514095,0.6566232442855835,0.03773604553133437,24.767211483341654
grid,seedream_qwen_refine,8,p009xg002,0.014552805856167528,0.8068281412124634,0.18125906434064082,13.024743319951774
grid,seedream_qwen_refine,9,p010xg001,0.24236262318170418,0.7171833515167236,0.024565010506764066,20.439750646333536
grid,seedream_qwen_refine,10,p011xg028,0.26463764306527565,0.8786628246307373,0.07136042656303031,22.499502070010617
grid,seedream_qwen_refine,11,p012xg007,0.06734958370301505,0.7006285190582275,0.03413023244968697,22.889097171267736
holdout,fashn_v16,0,p004xg010,0.03976530667519831,0.9645859003067017,0.026764355304748976,36.051515028406094
holdout,fashn_v16,1,p014xg008,0.06015422292934696,0.992336630821228,0.03063317344793411,27.378498862780862
holdout,fashn_v16,2,p015xg026,0.00701280843624597,0.9829302430152893,0.05119194113914379,24.931251541863855
holdout,fashn_v16,3,p016xg014,0.0014401385194177105,0.9114958643913269,0.09907507831679906,34.72180083794061
holdout,fashn_v16,4,p017xg029,0.05133426764212291,0.9770407676696777,0.02414089834117025,28.185711800584468
holdout,fashn_v16,5,p018xg027,-0.008191598220088336,0.9671541452407837,0.053737148687686025,27.692034905156984
holdout,fashn_v16,6,p019xg017,0.14821990348576855,0.9829877018928528,0.043723924791165485,24.737818622681928
holdout,fashn_v16,7,p020xg016,9.758602243224346e-05,0.9632607698440552,,37.87823301677307
holdout,fashn_v16,8,p021xg012,0.10041011042279704,0.9866564273834229,0.07010291357157074,20.310771658698318
holdout,fashn_v16,9,p022xg021,0.003867831921475338,0.9764957427978516,0.03933763535681298,32.2187217472415
holdout,fashn_v16,10,p023xg018,0.36093035234404275,0.9850454926490784,0.10724051902696208,21.889835513678104
holdout,fashn_v16,11,p024xg009,0.4091359258109359,0.9945611953735352,0.05524048303476374,23.77474958630497
holdout,fashn_v16,12,p025xg013,0.015534679516249771,0.9455410838127136,0.05710003925675619,27.108878700990257
holdout,fashn_v16,13,p026xg020,0.06061731104843433,0.9753668904304504,0.03318469212469485,28.05299554383492
holdout,fashn_v16,14,p027xg025,-0.007292413838984775,0.9755024313926697,0.017687335630049355,44.78549411663191
holdout,fashn_v16,15,p028xg030,0.15468496001875914,0.9785118103027344,0.03529194435601153,22.681869195250812
holdout,fashn_v16,16,p029xg005,0.013892564910102857,0.9808395504951477,0.01591963229722807,31.56564880259293
holdout,fashn_v16,17,p030xg003,0.33276646986685476,0.9942616820335388,0.028759014128650843,31.508206571281754
holdout,flux_vto_v1,0,p004xg010,0.026553721787963436,0.8803005218505859,0.018218694002716376,30.721740092860173
holdout,flux_vto_v1,1,p014xg008,0.06141294768176591,0.9637815356254578,0.03325055544567166,27.73520528971597
holdout,flux_vto_v1,2,p015xg026,0.10055587698527146,0.9633399248123169,0.05023128966218988,24.295944453193314
holdout,flux_vto_v1,3,p016xg014,0.0019438655293557033,0.604093611240387,0.03862909240616497,26.392809603349075
holdout,flux_vto_v1,4,p017xg029,0.13767303168898815,0.9279385805130005,0.02864136020634039,27.472586574152285
holdout,flux_vto_v1,5,p018xg027,-0.0023047565319084698,0.8612452745437622,0.19865007141706664,33.87511990486112
holdout,flux_vto_v1,6,p019xg017,0.18968371807883708,0.9365511536598206,0.0476325421419263,26.934952623337033
holdout,flux_vto_v1,7,p020xg016,-0.014486622020699065,0.8926942348480225,,27.945640174258216
holdout,flux_vto_v1,8,p021xg012,0.08580581907043378,0.8613239526748657,0.05338602377845003,31.1608041430108
holdout,flux_vto_v1,9,p022xg021,0.03449699885647376,0.8207962512969971,0.04602301992548661,30.301824724280696
holdout,flux_vto_v1,10,p023xg018,0.34621717693096254,0.9082595109939575,0.09265491692705337,22.057481432974015
holdout,flux_vto_v1,11,p024xg009,0.14471569199308207,0.963238000869751,0.05227652678036172,29.65714351990831
holdout,flux_vto_v1,12,p025xg013,0.04571634326817821,0.6830571889877319,0.10770270493358604,23.926853414581885
holdout,flux_vto_v1,13,p026xg020,0.2477237614058443,0.829994797706604,0.04799364807367225,27.879334490828672
holdout,flux_vto_v1,14,p027xg025,0.11512104626260314,0.9493074417114258,0.03522523660577827,31.742021868239195
holdout,flux_vto_v1,15,p028xg030,0.10279913745027348,0.8787356019020081,0.058037395328492565,32.21855394515954
holdout,flux_vto_v1,16,p029xg005,0.012911025038950778,0.9021746516227722,0.016270340785183874,29.951856570996735
holdout,flux_vto_v1,17,p030xg003,0.30204706391169095,0.9302797317504883,0.05326713699290909,30.00739873955399
holdout,qwen_2511,0,p004xg010,-0.013459364545011909,0.8761795163154602,0.055123199870312264,18.65399139457672
holdout,qwen_2511,1,p014xg008,0.00605550661728437,0.9696708917617798,0.08514214292944905,14.387077570562363
holdout,qwen_2511,2,p015xg026,0.016886955898896727,0.9750010371208191,0.08622047049836903,12.992992081095526
holdout,qwen_2511,3,p016xg014,0.019067153764551127,-0.02775714546442032,2.137017888189287,12.840154037310935
holdout,qwen_2511,4,p017xg029,0.08702414097361602,0.9543011784553528,0.10506389342545454,16.46288684910285
holdout,qwen_2511,5,p018xg027,0.015488592573102908,0.8980819582939148,0.13909008025840644,15.859486118197086
holdout,qwen_2511,6,p019xg017,0.09958027465639425,0.929144561290741,0.09629052010726744,15.768160880794778
holdout,qwen_2511,7,p020xg016,-0.010773657055873602,0.945906400680542,,14.672547047976972
holdout,qwen_2511,8,p021xg012,0.10241226561312008,0.9416709542274475,0.16548652811834572,15.97968627911152
holdout,qwen_2511,9,p022xg021,-0.005682687311291883,0.8109520673751831,0.15320021379461743,14.680556784873332
holdout,qwen_2511,10,p023xg018,-0.022420392369954488,0.9438719749450684,0.0869971839385971,16.63339962114581
holdout,qwen_2511,11,p024xg009,0.9298007599563195,0.967252790927887,0.1319832565661125,14.499444030838632
holdout,qwen_2511,12,p025xg013,0.04302472035136583,0.7067943215370178,0.26177274963735847,14.651018723864057
holdout,qwen_2511,13,p026xg020,0.02078714046779747,0.817797064781189,0.19033941522756612,9.988652867406572
holdout,qwen_2511,14,p027xg025,-0.010506669285180938,0.949347734451294,0.037956990833023244,30.52682337539268
holdout,qwen_2511,15,p028xg030,0.0976872215460562,0.8688907027244568,0.12586568354601568,19.60863395251186
holdout,qwen_2511,16,p029xg005,0.00847028237654214,0.8897337317466736,0.11279389566302381,14.803132293847872
holdout,qwen_2511,17,p030xg003,0.008041035137056032,0.973539412021637,0.13277261669343862,17.920779436485713
holdout,seedream5_lite,0,p004xg010,0.28969468797108966,0.6230368614196777,0.013215362250878188,24.48827522008752
holdout,seedream5_lite,1,p014xg008,0.0801147842585551,0.9067367315292358,0.0523719430128599,23.24621682615463
holdout,seedream5_lite,2,p015xg026,0.02976601084538356,0.9287733435630798,0.06305457612513266,21.92053999442659
holdout,seedream5_lite,3,p016xg014,0.009697961403003011,0.2457309365272522,0.38406045237970005,16.92413894275651
holdout,seedream5_lite,4,p017xg029,0.2645653550156377,0.8988938331604004,0.033583478128463885,23.214172552364595
holdout,seedream5_lite,5,p018xg027,-0.005375503715430168,0.7402960062026978,0.2769423175512214,13.219216125848199
holdout,seedream5_lite,6,p019xg017,0.2507751704700436,0.8830280900001526,0.0479626081180098,24.19638904115141
holdout,seedream5_lite,7,p020xg016,-0.002055309494720178,0.8036689758300781,,18.74593391309113
holdout,seedream5_lite,8,p021xg012,0.15222083340632475,0.8014944791793823,0.09663963419970886,20.184485493406974
holdout,seedream5_lite,9,p022xg021,0.003997876412425863,0.61026930809021,0.05698065813629521,23.367414759169325
holdout,seedream5_lite,10,p023xg018,0.11849335644899735,0.8526094555854797,0.175890382171679,16.161073225352986
holdout,seedream5_lite,11,p024xg009,0.29669849908789403,0.9347456693649292,0.15165643267395912,19.891235741616505
holdout,seedream5_lite,12,p025xg013,0.03417050414054844,0.32836219668388367,0.1557802615068127,19.196498208555283
holdout,seedream5_lite,13,p026xg020,0.003065947556248452,0.7802295684814453,0.044634429010102894,16.209222506022815
holdout,seedream5_lite,14,p027xg025,-0.004439228407697117,0.7991743087768555,0.026820410052364737,26.064554995168
holdout,seedream5_lite,15,p028xg030,0.20844395029127022,0.6579135656356812,0.053039300547322005,21.548634530905527
holdout,seedream5_lite,16,p029xg005,0.005269114936311576,0.8754864931106567,0.03065207914984467,22.22921960207886
holdout,seedream5_lite,17,p030xg003,0.1684967896431049,0.9008881449699402,0.061171688638162615,26.868596743945975
holdout,seedream_qwen_refine,0,p004xg010,-0.006475354200542568,0.6511557698249817,0.0276321094263362,21.347042599794882
holdout,seedream_qwen_refine,1,p014xg008,0.08704799602584612,0.8667661547660828,0.05790342353926752,23.606710881763398
holdout,seedream_qwen_refine,2,p015xg026,0.16409059211135948,0.870103120803833,0.057967719274426094,18.712468802672596
holdout,seedream_qwen_refine,3,p016xg014,0.03097246525243301,0.4148314595222473,0.37718986757129647,17.510122280149545
holdout,seedream_qwen_refine,4,p017xg029,0.41395099602408864,0.8772096633911133,0.04134143140675203,22.539528637843553
holdout,seedream_qwen_refine,5,p018xg027,0.004370362759828895,0.6844767928123474,0.2987579365452376,13.561876494170342
holdout,seedream_qwen_refine,6,p019xg017,0.2962869565493648,0.8287013173103333,0.03973758937885606,22.485779060730913
holdout,seedream_qwen_refine,7,p020xg016,0.0028786195044883485,0.758910596370697,,17.005747595885868
holdout,seedream_qwen_refine,8,p021xg012,0.13036316429212436,0.7630435824394226,0.1083803735270453,20.41571796665163
holdout,seedream_qwen_refine,9,p022xg021,0.007446666392000375,0.6200810670852661,0.07421124000713003,23.239954284609908
holdout,seedream_qwen_refine,10,p023xg018,0.35275073321142986,0.8170803785324097,0.1590149589734271,16.223690998648046
holdout,seedream_qwen_refine,11,p024xg009,0.22009329468313937,0.9078115224838257,0.13446778877793114,20.098600042881113
holdout,seedream_qwen_refine,12,p025xg013,0.03140291079942101,0.22029900550842285,0.18523663952547256,19.656475186216866
holdout,seedream_qwen_refine,13,p026xg020,0.14476271411947494,0.6880568265914917,0.04429630846193424,15.542624777662475
holdout,seedream_qwen_refine,14,p027xg025,-0.006434494483780118,0.771190345287323,0.018763859971365624,25.755499109917757
holdout,seedream_qwen_refine,15,p028xg030,0.21393914083988483,0.6935208439826965,0.041027223188483945,21.459554108329822
holdout,seedream_qwen_refine,16,p029xg005,0.05077943657909583,0.8397222757339478,0.034897151999602624,21.66007665747776
holdout,seedream_qwen_refine,17,p030xg003,0.17913368359463594,0.8726809620857239,0.06719388558026322,25.568991697254603
